"Family","Species","Transcript_ID"
"srw","hcon","HCON_00129880"
"pep","srat","SRAE_1000218800a"
"pep","rkr3","RSKR_0000187000.1"
"pep","tspi","EFV49903"
"pep","smur","SMUV_0000271601-mRNA-1"
"pep","tcan","Tcan_17835.1"
"pep","tspi","EFV49815"
"srxa","asuu","AgB09X_g105_t01"
"srbc","nbra","NBR_0000031901-mRNA-1"
"srsx","rcul","nRc.2.0.1.t12186-RA"
"sro","rkr3","RSKR_0000344500.1"
"sro","cele","D1022.6"
"srz","cele","H12I19.7"
"srv","pred","Pan_g7095.t1"
"srv","pred","Pan_g7095.t1"
"srv","rcul","nRc.2.0.1.t02287-RA"
"srv","rcul","nRc.2.0.1.t33076-RA"
"srv","ppac","PPA41106"
"srv","pred","Pan_g7095.t1"
"srv","cele","F48D6.2a"
"srv","pred","Pan_g15278.t1"
"srv","srat","SRAE_2000512000"
"srv","ppac","PPA41600"
"sru","pred","Pan_g21544.t1"
"srg","cele","C34C6.1"
"srr","cele","C13D9.3"
"srt","cele","Y46H3A.1b"
"srx","cele","K09D9.10"
"srb","cele","F58A6.6"
"sre","cele","W05H5.6"
"sra","cele","AH6.11"
"srab","pred","Pan_g3039.t1"
"srn","ppac","PPA41235"
"srh","rkr3","RSKR_0000350750.1"
"srh","pred","Pan_g7019.t1"
"srh","pred","Pan_g19410.t1"
"srh","cele","K02E2.3"
"sri","ppac","PPA30699"
"srd","cele","R04D3.8"
"srd","pred","Pan_g13270.t1"
"four","pred","Pan_g15515.t1"
"four","mhap","MhA1_Contig106.frz3.gene9"
"four","pred","Pan_g18434.t2"
"four","pred","Pan_g23590.t1"
"four","pred","Pan_g14285.t1"
"four","pred","Pan_g10678.t1"
"four","pred","Pan_g16312.t1"
"four","srat","SRAE_0000024500"
"four","pred","Pan_g18281.t1"
"srm","srat","SRAE_1000230900"
"three_four","asuu","AgR049_g049_t03"
"three_four","srat","SRAE_2000459500"
"srj","ppac","PPA33388"
"srj","hcon","HCON_00191860"
"srj","nbra","NBR_0000839601-mRNA-1"
"srj","cele","Y45G12A.1"
"str","cele","M01D1.1a"
"srw","nbra","NBR_0000785701-mRNA-1"
"pep","srat","SRAE_1000218800b"
"pep","mhap","MhA1_Contig55.frz3.fgene3"
"pep","srat","SRAE_1000164800"
"pep","asuu","AgR004_g022_t01"
"pep","pred","Pan_g21357.t1"
"pep","tspi","EFV55503"
"srxa","ppac","PPA03842"
"srbc","acani","ANCCAN_19447"
"srsx","rcul","nRc.2.0.1.t05024-RA"
"sro","pred","Pan_g13069.t1"
"sro","hcon","HCON_00062610"
"srz","cele","Y7A9C.7"
"srv","pred","Pan_g19628.t1"
"srv","pred","Pan_g19628.t1"
"srv","cele","F48D6.2b"
"srv","pred","Pan_g19694.t1"
"srv","srat","SRAE_2000457800"
"srv","ppac","PPA38907"
"sru","pred","Pan_g21548.t1"
"srg","cele","F15A4.7"
"srr","cele","T05B11.2"
"srt","cele","F36H9.6"
"srx","cele","K07C6.7"
"srb","ppac","PPA40851"
"sre","cele","W05H5.8"
"sra","cele","AH6.7"
"srab","pred","Pan_g3045.t1"
"srn","ppac","PPA08497"
"srh","rkr3","RSKR_0000878250.1"
"srh","pred","Pan_g7018.t1"
"srh","pred","Pan_g9119.t1"
"srh","cele","F57G8.1"
"sri","ppac","PPA42721"
"srd","cele","R186.2a"
"four","pred","Pan_g14195.t1"
"four","mhap","MhA1_Contig1957.frz3.gene6"
"four","pred","Pan_g475.t1"
"four","pred","Pan_g23591.t2"
"four","pred","Pan_g12993.t1"
"four","pred","Pan_g16312.t1"
"four","rkr3","RSKR_0000548550.1"
"srm","srat","SRAE_1000315500"
"three_four","asuu","AgR049_g049_t02"
"three_four","srat","SRAE_2000474400"
"srj","ppac","PPA42748"
"srj","hcon","HCON_00099976"
"srj","ppac","PPA06260"
"srj","cele","F37B4.11"
"str","cele","T03E6.1"
"srw","acani","ANCCAN_02754"
"pep","rkr3","RSKR_0001026800.1"
"pep","smur","SMUV_0000678401-mRNA-1"
"pep","hcon","HCON_00063930"
"pep","tcan","Tcan_10891.1"
"pep","ppac","PPA23517"
"pep","name","NECAME_05792"
"srxa","cele","C08B6.12"
"srbc","hcon","HCON_00131480"
"srsx","rcul","nRc.2.0.1.t19102-RA"
"sro","hcon","HCON_00164890"
"sro","dviv","DICVIV_10558"
"srz","cele","C35D6.9a"
"srv","ppac","PPA01501"
"srv","cele","C52B9.5"
"srv","pred","Pan_g15279.t1"
"srv","rkr3","RSKR_0000262733.1"
"srv","ppac","PPA15502"
"sru","pred","Pan_g11205.t1"
"srg","cele","F15A4.4"
"srr","cele","T05B11.6"
"srt","cele","C24B9.5"
"srx","cele","C03G6.2"
"srb","cele","F01D4.7"
"sre","cele","W05H5.5"
"sra","cele","AH6.8"
"srab","pred","Pan_g3060.t1"
"srn","cele","K12B6.5"
"srh","pred","Pan_g4637.t1"
"srh","pred","Pan_g15059.t1"
"srh","cele","D1054.12"
"sri","ppac","PPA40012"
"srd","cele","R04D3.7"
"four","pred","Pan_g14198.t1"
"four","pred","Pan_g20905.t1"
"four","pred","Pan_g12854.t1"
"four","rkr3","RSKR_0001182350.1"
"srm","srat","SRAE_2000507650"
"three_four","tcan","Tcan_09425.1"
"three_four","srat","SRAE_0000000250"
"srj","ppac","PPA41705"
"srj","hcon","HCON_00099974"
"srj","ppac","PPA40420"
"srj","cele","T03D3.14"
"str","cele","T03E6.4"
"srw","asuu","AgR010_g336_t01"
"pep","rcul","nRc.2.0.1.t44598-RA"
"pep","ppac","PPA38881"
"pep","acani","ANCCAN_01996"
"pep","srat","SRAE_2000513500"
"pep","pred","Pan_g22969.t1"
"srxa","cele","F44G3.5"
"srbc","tcan","Tcan_17892.1"
"srsx","rcul","nRc.2.0.1.t47897-RA"
"sro","nbra","NBR_0000934501-mRNA-1"
"srz","cele","C35D6.10"
"srv","ppac","PPA35251"
"srv","rcul","nRc.2.0.1.t09889-RA"
"srv","pred","Pan_g19700.t1"
"srv","srat","SRAE_2000399900"
"srv","ppac","PPA19285"
"sru","pred","Pan_g21542.t1"
"srg","cele","C18F10.4"
"srr","cele","K11D12.3a"
"srt","cele","R08F11.2"
"srx","cele","K07C6.11a"
"srb","cele","C54F6.7"
"sre","cele","W05H5.7"
"sra","cele","AH6.14"
"srab","pred","Pan_g15311.t1"
"srn","pred","Pan_g14210.t1"
"srh","pred","Pan_g14808.t1"
"srh","pred","Pan_g7738.t1"
"srh","cele","ZK228.8"
"sri","ppac","PPA24779"
"srd","cele","F17A2.8"
"four","pred","Pan_g5429.t1"
"four","pred","Pan_g18171.t1"
"four","rkr3","RSKR_0000070250.1"
"srm","ppac","PPA28096"
"three_four","tcan","Tcan_14504.1"
"three_four","srat","SRAE_2000420200"
"srj","ppac","PPA18509"
"srj","hcon","HCON_00099995"
"srj","ppac","PPA26868"
"srj","cele","Y49C4A.6"
"str","cele","Y32B12B.5"
"srw","srat","SRAE_X000212700"
"pep","pred","Pan_g18742.t1"
"pep","rcul","nRc.2.0.1.t28418-RA"
"pep","smur","SMUV_0000824101-mRNA-1"
"pep","mhap","MhA1_Contig309.20"
"pep","ppac","PPA08312"
"srxa","cele","C08B6.13"
"srbc","bmal","Bm17764"
"srsx","rcul","nRc.2.0.1.t05501-RA"
"sro","ppac","PPA39987"
"srz","cele","C09G12.15"
"srv","ppac","PPA36441"
"srv","cele","Y43F8C.19"
"srv","pred","Pan_g23576.t1"
"srv","srat","SRAE_X000074900"
"srv","ppac","PPA41222"
"sru","pred","Pan_g1115.t1"
"srg","cele","C18F10.5"
"srr","cele","K11D12.3b"
"srt","cele","C24B9.4a"
"srx","cele","R13D7.4"
"srb","hcon","HCON_00110190"
"sre","cele","F57G9.1"
"sra","cele","AH6.6"
"srab","tcan","Tcan_17184.1"
"srn","pred","Pan_g23770.t1"
"srh","pred","Pan_g3177.t1"
"srh","pred","Pan_g15060.t1"
"srh","cele","ZK228.7"
"sri","ppac","PPA13328"
"srd","cele","R04D3.9"
"four","pred","Pan_g12326.t1"
"four","pred","Pan_g926.t1"
"four","rkr3","RSKR_0000126666.1"
"srm","ppac","PPA39301"
"three_four","asuu","AgR004_g366_t04"
"three_four","rkr3","RSKR_0000024850.1"
"srj","ppac","PPA21412"
"srj","dviv","DICVIV_07273"
"srj","ppac","PPA41498"
"srj","cele","T03D3.6"
"str","cele","F58G4.7"
"srw","rkr3","RSKR_0000755400.1"
"pep","asuu","AgR002_g296_t02"
"pep","pred","Pan_g18840.t1"
"pep","smur","SMUV_0000874201-mRNA-1"
"pep","hcon","HCON_00178640"
"srxa","pred","Pan_g23966.t1"
"srbc","acant","ACAC_0001105001-mRNA-1"
"srsx","rcul","nRc.2.0.1.t38010-RA"
"sro","name","NECAME_01558"
"srz","cele","K03D3.12"
"srv","ppac","PPA05088"
"srv","cele","F15E6.7a"
"srv","rkr3","RSKR_0000877366.1"
"srv","ppac","PPA16499"
"sru","pred","Pan_g1165.t1"
"srg","cele","T12A2.10"
"srr","cele","C13D9.1"
"srt","cele","C24B9.6"
"srx","cele","K07C6.6"
"srb","hcon","HCON_00125520"
"sre","cele","Y57A10C.4"
"sra","cele","AH6.10"
"srab","cele","C33G8.5"
"srh","pred","Pan_g19039.t1"
"srh","pred","Pan_g24184.t1"
"srh","cele","F58E10.6"
"sri","ppac","PPA40777"
"srd","cele","F17A2.7"
"four","pred","Pan_g924.t1"
"four","rkr3","RSKR_0001041133.1"
"srm","dviv","DICVIV_12195"
"three_four","tcan","Tcan_09966.1"
"three_four","rkr3","RSKR_0000420533.1"
"srj","ppac","PPA40643"
"srj","name","NECAME_15172"
"srj","ppac","PPA34762"
"srj","cele","T03D3.11"
"str","cele","F58G4.6"
"srw","tcan","Tcan_03314.1"
"pep","acani","ANCCAN_07345"
"pep","acant","ACAC_0000118801-mRNA-1"
"pep","tcan","Tcan_17991.1"
"pep","name","NECAME_02651"
"srxa","rkr3","RSKR_0000816700.1"
"srbc","asuu","AgR012_g189_t04"
"srsx","rcul","nRc.2.0.1.t12449-RA"
"sro","smur","SMUV_0000316901-mRNA-1"
"srz","cele","C09G12.6"
"srv","hcon","HCON_00168290"
"srv","ppac","PPA04877"
"srv","rkr3","RSKR_0000877333.1"
"srv","ppac","PPA35460"
"sru","pred","Pan_g19018.t1"
"srg","cele","T12A2.9"
"srr","cele","W07G4.6a"
"srt","cele","F47D2.6"
"srx","cele","K07C6.9"
"srb","acani","ANCCAN_12643"
"sre","cele","F37B4.9"
"sra","cele","AH6.12"
"srab","cele","F59A7.3"
"srh","pred","Pan_g22639.t1"
"srh","pred","Pan_g1119.t1"
"srh","cele","Y60A3A.6"
"sri","ppac","PPA36182"
"srd","cele","F17A2.10"
"four","rkr3","RSKR_0000966950.1"
"srm","acani","ANCCAN_07630"
"three_four","asuu","AgB03_g069_t01"
"three_four","rkr3","RSKR_0001016950.1"
"srj","ppac","PPA39417"
"srj","hcon","HCON_00154992"
"srj","ppac","PPA21499"
"srj","cele","T03D3.12"
"str","cele","F47G9.2"
"srw","acant","ACAC_0001423101-mRNA-1"
"pep","ppac","PPA06753"
"pep","ovol","OVOC10230"
"pep","name","NECAME_09999"
"pep","acani","ANCCAN_14567"
"srxa","pred","Pan_g12112.t1"
"srbc","asuu","AgR012_g189_t01"
"srsx","tspi","EFV55593"
"sro","ppac","PPA00440"
"srz","cele","C09G12.16"
"srv","name","NECAME_01483"
"srv","ppac","PPA38233"
"srv","rkr3","RSKR_0000386833.1"
"srv","ppac","PPA16535"
"sru","pred","Pan_g22241.t1"
"srg","cele","T12A2.13"
"srr","cele","W07G4.6b"
"srt","cele","F47D2.8"
"srx","cele","K07C6.8"
"srb","dviv","DICVIV_08663"
"sre","cele","Y57A10C.3"
"sra","cele","AH6.4"
"srab","cele","Y40B10A.3b"
"srh","pred","Pan_g14809.t1"
"srh","pred","Pan_g17298.t1"
"srh","cele","F40D4.1"
"sri","ppac","PPA31279"
"srd","cele","F17A2.6"
"four","rkr3","RSKR_0001084650.1"
"srm","cele","T28H11.2"
"three_four","tcan","Tcan_04456.1"
"three_four","rkr3","RSKR_0000126025.1"
"srj","ppac","PPA42411"
"srj","ppac","PPA37434"
"srj","ppac","PPA29558"
"srj","cele","T02B11.5"
"str","cele","F21F8.10"
"srw","ppac","PPA20520"
"pep","rkr3","RSKR_0000791300.1"
"pep","rkr3","RSKR_0000397900.1"
"pep","smur","SMUV_0000026201-mRNA-1"
"pep","acant","ACAC_0000463701-mRNA-1"
"srxa","tcan","Tcan_15017.1"
"srbc","name","NECAME_02640"
"srsx","tspi","EFV50580"
"sro","srat","SRAE_1000060400"
"srz","srat","SRAE_2000389700"
"srv","nbra","NBR_0001622301-mRNA-1"
"srv","tcan","Tcan_04971.1"
"srv","srat","SRAE_2000432200"
"srv","ppac","PPA36773"
"sru","pred","Pan_g19470.t1"
"srg","cele","T12A2.12"
"srr","cele","T26H2.8"
"srt","cele","F47D2.5"
"srx","cele","T07H8.3"
"srb","acani","ANCCAN_12644"
"sre","cele","F15A4.1"
"sra","cele","F44F4.5a"
"srab","cele","Y40B10A.3a"
"srh","pred","Pan_g14812.t1"
"srh","pred","Pan_g23261.t1"
"srh","cele","Y60A3A.4a"
"sri","ppac","PPA06654"
"srd","cele","F17A2.12"
"four","rkr3","RSKR_0000305433.1"
"srm","cele","T28H11.3"
"three_four","tcan","Tcan_00178.1"
"three_four","rkr3","RSKR_0000596266.1"
"srj","ppac","PPA13315"
"srj","ppac","PPA41703"
"srj","ppac","PPA04424"
"srj","cele","F38H12.2"
"str","cele","F21F8.9"
"srw","srat","SRAE_X000182300"
"pep","srat","SRAE_X000139300"
"pep","rkr3","RSKR_0000704500.1"
"pep","nbra","NBR_0000718501-mRNA-1"
"srxa","ovol","OVOC5624"
"srbc","ppac","PPA15726"
"srsx","tspi","EFV60954"
"sro","mhap","MhA1_Contig120.frz3.gene31"
"srz","cele","F58E2.9"
"srv","cele","R13F6.3"
"srv","tcan","Tcan_10015.1"
"srv","rkr3","RSKR_0000839050.1"
"srv","ppac","PPA05094"
"sru","pred","Pan_g22995.t1"
"srg","cele","T12A2.11"
"srr","cele","T01G5.4"
"srt","cele","W04D2.2a"
"srx","cele","T01C4.4"
"srb","hcon","HCON_00126110"
"sre","cele","F15A4.3"
"sra","cele","F44F4.5b"
"srab","cele","T11A5.2"
"srh","pred","Pan_g14813.t1"
"srh","pred","Pan_g3289.t1"
"srh","cele","Y60A3A.5"
"sri","ppac","PPA37146"
"srd","cele","R04D3.6"
"four","rkr3","RSKR_0000882050.1"
"srm","ppac","PPA06082"
"three_four","tcan","Tcan_06528.1"
"three_four","rkr3","RSKR_0000191050.1"
"srj","ppac","PPA13311"
"srj","ppac","PPA36719"
"srj","ppac","PPA42466"
"srj","cele","F38H12.1"
"str","cele","C09H5.5"
"srw","ppac","PPA06827"
"pep","asuu","AgR030_g020_t05"
"pep","tcan","Tcan_12612.1"
"pep","dviv","DICVIV_08898"
"srxa","bmal","Bm4717"
"srbc","rcul","nRc.2.0.1.t06278-RA"
"srsx","rcul","nRc.2.0.1.t09822-RA"
"sro","tcan","Tcan_10420.1"
"srz","cele","C09G12.2"
"srv","rcul","nRc.2.0.1.t10653-RA"
"srv","rkr3","RSKR_0000440833.1"
"srv","ppac","PPA34624"
"sru","pred","Pan_g12991.t1"
"srg","cele","C18F10.8"
"srt","cele","F40G12.15"
"srx","cele","C03A7.6"
"srb","hcon","HCON_00126120"
"sre","cele","Y57A10B.4"
"sra","cele","F35C5.2"
"srab","cele","T11A5.3"
"srh","pred","Pan_g18482.t1"
"srh","pred","Pan_g4829.t1"
"srh","cele","R08H2.3"
"sri","ppac","PPA41303"
"srd","cele","R04D3.12"
"four","rkr3","RSKR_0000967150.1"
"srm","cele","F47B8.9a"
"three_four","asuu","AgR006_g153_t01"
"three_four","rkr3","RSKR_0000295133.1"
"srj","ppac","PPA41741"
"srj","ppac","PPA02373"
"srj","ppac","PPA46000"
"srj","cele","T03D3.2"
"str","cele","C09H5.4"
"srw","tspi","EFV51355"
"pep","tcan","Tcan_03849.1"
"pep","pred","Pan_g5476.t1"
"pep","tcan","Tcan_11707.1"
"srxa","hcon","HCON_00120140"
"srbc","smur","SMUV_0000421801-mRNA-1"
"srsx","tspi","EFV57058"
"sro","pred","Pan_g20030.t1"
"srz","cele","C09G12.3"
"srv","rkr3","RSKR_0000501500.1"
"srv","rkr3","RSKR_0000440866.1"
"srv","ppac","PPA35076"
"sru","pred","Pan_g12994.t2"
"srg","cele","F26B1.6"
"srt","cele","F40G12.8"
"srx","cele","C03A7.5"
"srb","hcon","HCON_00126070"
"sre","cele","Y57A10B.5"
"sra","cele","F44F4.7"
"srab","cele","T11A5.7a"
"srh","cele","M02H5.9"
"srh","pred","Pan_g21090.t1"
"srh","cele","C49G7.2"
"sri","ppac","PPA35176"
"srd","cele","F13G3.2"
"four","rkr3","RSKR_0000883850.1"
"srm","cele","F47B8.12"
"three_four","asuu","AgR006_g152_t03"
"three_four","rkr3","RSKR_0000464150.1"
"srj","ppac","PPA42518"
"srj","ppac","PPA40659"
"srj","ppac","PPA04430"
"srj","cele","F48G7.1"
"str","cele","ZC513.11"
"srw","asuu","AgB08X_g272_t01"
"pep","srat","SRAE_1000152600"
"pep","hcon","HCON_00090770"
"pep","srat","SRAE_1000028100"
"srxa","name","NECAME_15849"
"srbc","pred","Pan_g13269.t1"
"srsx","tspi","EFV53410"
"sro","bmal","Bm3372"
"srz","cele","Y7A9C.9"
"srv","srat","SRAE_2000043400"
"srv","srat","SRAE_X000094550"
"srv","ppac","PPA34592"
"sru","pred","Pan_g17615.t1"
"srg","cele","W02F12.7"
"srt","cele","F54E2.6"
"srx","cele","T10H4.9"
"srb","hcon","HCON_00126075"
"sre","cele","C50E10.10"
"sra","cele","F44F4.13"
"srab","cele","T20D4.2"
"srh","cele","C31B8.11a"
"srh","pred","Pan_g8280.t1"
"srh","cele","ZK228.5"
"sri","ppac","PPA41702"
"srd","cele","K02A2.7"
"srm","cele","F47B8.7"
"three_four","asuu","AgR006_g152_t02"
"three_four","rkr3","RSKR_0000508760.1"
"srj","srat","SRAE_X000010100"
"srj","ppac","PPA19728"
"srj","ppac","PPA19625"
"srj","cele","T07C12.1"
"str","cele","C09H5.3"
"srw","asuu","AgB08X_g272_t02"
"pep","ppac","PPA40227"
"pep","acant","ACAC_0001324001-mRNA-1"
"pep","rkr3","RSKR_0001032600.1"
"srxa","cele","C06B3.13"
"srbc","cele","F54B8.9"
"srsx","rcul","nRc.2.0.1.t36612-RA"
"sro","hcon","HCON_00005680"
"srz","cele","K03D3.1"
"srv","hcon","HCON_00074040"
"srv","rkr3","RSKR_0000140200.1"
"srv","ppac","PPA37898"
"sru","pred","Pan_g16598.t2"
"srg","cele","ZC204.4a"
"srt","cele","M02H5.2"
"srx","cele","Y43B11AL.2b"
"srb","cele","R05H5.6"
"sre","cele","C50E10.9"
"sra","cele","F49E12.5a"
"srab","cele","C36C5.2a"
"srh","cele","R11G11.9"
"srh","pred","Pan_g13062.t1"
"srh","cele","ZK228.6"
"sri","ppac","PPA39828"
"srd","cele","K02A2.2"
"srm","rkr3","RSKR_0000292500.1"
"three_four","tcan","Tcan_10704.1"
"three_four","rkr3","RSKR_0000710675.1"
"srj","asuu","AgB05_g420_t01"
"srj","ppac","PPA30534"
"srj","ppac","PPA33051"
"srj","cele","ZK262.10"
"str","cele","ZC513.9"
"srw","hcon","HCON_00187090"
"pep","asuu","AgB15X_g058_t01"
"pep","asuu","AgR038_g017_t01"
"pep","pred","Pan_g9736.t1"
"srxa","cele","C06B3.14"
"srbc","cele","M02H5.12"
"srsx","rcul","nRc.2.0.1.t44208-RA"
"sro","acani","ANCCAN_26744"
"srz","cele","E03H12.6"
"srv","name","NECAME_06367"
"srv","rkr3","RSKR_0000292550.1"
"srv","ppac","PPA42803"
"sru","pred","Pan_g8152.t1"
"srg","cele","Y25C1A.9"
"srt","hcon","HCON_00056780"
"srx","cele","T26H8.2"
"srb","cele","C27D6.9"
"sre","rcul","nRc.2.0.1.t29713-RA"
"sra","cele","B0304.7"
"srab","cele","T20D4.18"
"srh","cele","T03D3.4"
"srh","pred","Pan_g13063.t1"
"srh","cele","Y60A3A.3"
"sri","ppac","PPA41547"
"srd","cele","E04F6.13"
"srm","pred","Pan_g318.t1"
"three_four","tcan","Tcan_12613.1"
"three_four","rkr3","RSKR_0000045366.1"
"srj","tcan","Tcan_12200.1"
"srj","ppac","PPA40569"
"srj","cele","T01G5.3"
"str","cele","C09H5.6"
"srw","nbra","NBR_0001481801-mRNA-1"
"pep","pred","Pan_g20311.t1"
"pep","bmal","Bm4793"
"pep","rkr3","RSKR_0000309300.1"
"srxa","cele","C06B3.12"
"srbc","cele","F54B8.16"
"srsx","cele","C51E3.3"
"sro","srat","SRAE_1000351300"
"srz","cele","F14F8.3"
"srv","acani","ANCCAN_11193"
"srv","cele","T22B7.5"
"srv","srat","SRAE_2000377100"
"sru","pred","Pan_g9080.t1"
"srg","cele","Y25C1A.12"
"srt","ppac","PPA13813"
"srx","cele","Y102A5C.22"
"srb","cele","C27D6.10"
"sre","cele","F10G7.7"
"sra","cele","B0304.9"
"srab","cele","T20D4.1"
"srh","cele","M02H5.11"
"srh","pred","Pan_g1441.t1"
"srh","cele","F40D4.3"
"sri","ppac","PPA30220"
"srd","cele","E04F6.1"
"srm","pred","Pan_g19434.t1"
"three_four","rkr3","RSKR_0000045750.1"
"three_four","rkr3","RSKR_0000581750.1"
"srj","pred","Pan_g6362.t1"
"srj","ppac","PPA41010"
"srj","cele","F22B8.1"
"str","cele","C05E4.6a"
"srw","name","NECAME_01756"
"pep","hcon","HCON_00100900"
"pep","hcon","HCON_00120770"
"pep","dviv","DICVIV_10829"
"srxa","cele","Y44A6B.2a"
"srbc","cele","F54B8.12"
"srsx","cele","C51E3.2"
"sro","srat","SRAE_2000446700"
"srz","cele","W05E7.2"
"srv","acani","ANCCAN_20723"
"srv","cele","F53F1.9"
"srv","srat","SRAE_0000032000"
"sru","cele","F36G9.6"
"srg","cele","Y25C1A.10"
"srt","ppac","PPA40525"
"srx","ppac","PPA36465"
"srb","cele","F58A6.10b"
"sre","cele","W07G1.6"
"sra","cele","B0304.5"
"srab","cele","C36C5.11a"
"srh","cele","W06D12.7"
"srh","pred","Pan_g1442.t1"
"srh","cele","F20E11.12"
"sri","ppac","PPA40925"
"srd","cele","E04F6.14"
"srm","pred","Pan_g7656.t1"
"three_four","rkr3","RSKR_0001038525.1"
"srj","ppac","PPA34496"
"srj","cele","R09B5.7b"
"str","cele","T22H6.3"
"srw","srat","SRAE_X000170800"
"pep","srat","SRAE_2000512500"
"pep","dviv","DICVIV_03621"
"pep","nbra","NBR_0000582201-mRNA-1"
"srxa","cele","Y44A6B.1"
"srbc","cele","T24A6.13"
"srsx","cele","C51E3.4"
"srz","cele","C17F4.10"
"srv","pred","Pan_g14489.t1"
"srv","cele","F53F1.8"
"srv","srat","SRAE_2000471000"
"sru","cele","F36G9.5"
"srg","cele","T04A8.1"
"srt","ppac","PPA41358"
"srx","ppac","PPA15884"
"srb","cele","F58A6.10a"
"sre","cele","F13A7.13"
"sra","cele","B0304.6"
"srab","cele","C36C5.11b"
"srh","cele","Y26G10.2"
"srh","pred","Pan_g19113.t1"
"srh","cele","K08G2.12b"
"sri","ppac","PPA39520"
"srd","cele","C01B4.5"
"srm","pred","Pan_g12708.t1"
"three_four","rkr3","RSKR_0001040928.1"
"srj","ppac","PPA41732"
"srj","cele","C05E4.10"
"str","cele","T22H6.4"
"srw","ppac","PPA15885"
"pep","hcon","HCON_00167990"
"pep","nbra","NBR_0000902901-mRNA-1"
"pep","acant","ACAC_0000415401-mRNA-1"
"srxa","cele","C09E7.1"
"srbc","cele","T24A6.10a"
"srsx","cele","C51E3.5"
"srz","cele","Y57G7A.12"
"srv","cele","Y73B6BL.10"
"srv","cele","F53F1.7"
"srv","rkr3","RSKR_0001108700.1"
"sru","cele","C08F11.4"
"srg","cele","T09D3.6"
"srt","ppac","PPA06607"
"srx","ppac","PPA28620"
"srb","cele","C27D6.6"
"sre","cele","F54F11.3"
"sra","cele","B0304.8"
"srab","cele","C36C5.10"
"srh","ppac","PPA41353"
"srh","pred","Pan_g4451.t1"
"srh","cele","K08G2.12a"
"sri","ppac","PPA42779"
"srd","cele","Y19D10A.15a"
"srm","ppac","PPA06564"
"three_four","rkr3","RSKR_0001040942.1"
"srj","ppac","PPA17796"
"srj","cele","C05E4.11"
"str","cele","T05E12.1"
"srw","asuu","AgB13X_g044_t02"
"pep","acani","ANCCAN_04271"
"pep","ppac","PPA27426"
"pep","ovol","OVOC3309"
"srxa","cele","W07A8.1"
"srbc","cele","F30B5.8"
"srsx","cele","F07B10.6"
"srz","cele","K03D3.4"
"srv","cele","T13A10.12"
"srv","tspi","EFV56347"
"srv","cele","C14A4.15"
"sru","cele","F31F4.13a"
"srg","cele","T09D3.2"
"srt","ppac","PPA12612"
"srx","cele","E02C12.3"
"srb","cele","F58A6.11"
"sre","cele","Y39G8B.3"
"sra","cele","C56C10.5"
"srab","cele","C36C5.6"
"srh","pred","Pan_g8552.t1"
"srh","pred","Pan_g4453.t1"
"srh","cele","K08G2.5"
"sri","ppac","PPA41624"
"srd","cele","C39B5.11"
"three_four","rkr3","RSKR_0000825700.1"
"srj","ppac","PPA43196"
"srj","cele","F28H7.1"
"str","cele","C09H5.9"
"srw","tcan","Tcan_17330.1"
"pep","nbra","NBR_0001629001-mRNA-1"
"pep","smur","SMUV_0000076201-mRNA-1"
"pep","pred","Pan_g14877.t1"
"srxa","cele","F18E3.1"
"srbc","cele","F54B8.6"
"srsx","cele","T19B10.10"
"srz","cele","F56D6.7"
"srv","cele","Y73B6BL.11"
"srv","ppac","PPA39451"
"srv","tcan","Tcan_16930.1"
"sru","cele","F31F4.14a"
"srg","cele","C10G8.1"
"srt","ppac","PPA40423"
"srx","cele","E02C12.2"
"srb","cele","C27D6.8"
"sre","cele","Y54G9A.10"
"sra","cele","F18C5.8"
"srab","cele","C36C5.8"
"srh","pred","Pan_g18104.t1"
"srh","pred","Pan_g17240.t1"
"srh","cele","K08G2.13"
"sri","ppac","PPA40931"
"srd","cele","Y39A3B.4"
"three_four","rkr3","RSKR_0000260950.1"
"srj","ppac","PPA33246"
"srj","cele","R05D8.2a"
"str","cele","F58G4.5"
"srw","pred","Pan_g10155.t1"
"pep","dviv","DICVIV_06587"
"pep","srat","SRAE_2000084900"
"srxa","cele","W07A8.5"
"srbc","cele","F54B8.7a"
"srsx","cele","F20A1.3"
"srz","cele","Y49F6B.11"
"srv","cele","Y73B6BL.41"
"srv","ppac","PPA19023"
"srv","tcan","Tcan_16951.1"
"sru","cele","T04A11.12b"
"srg","cele","T09D3.7"
"srt","ppac","PPA34129"
"srx","cele","T05A12.1"
"srb","cele","F37C12.15"
"sre","cele","Y39G8B.4"
"sra","cele","F18C5.6"
"srab","cele","Y64G10A.8"
"srh","pred","Pan_g18101.t1"
"srh","pred","Pan_g1740.t1"
"srh","cele","C31B8.3"
"sri","ppac","PPA42739"
"srd","cele","F48F5.4a"
"srj","ppac","PPA29496"
"srj","cele","R05D8.2b"
"str","cele","C13B7.5"
"srw","name","NECAME_00156"
"pep","bmal","Bm5787"
"pep","hcon","HCON_00139590"
"srxa","cele","C31A11.6"
"srbc","cele","T19C9.1"
"srsx","cele","C25E10.3c"
"srz","cele","F56D6.5a"
"srv","cele","Y73B6BL.40"
"srv","ppac","PPA41709"
"sru","hcon","HCON_00155570"
"srg","cele","T09D3.5"
"srt","ppac","PPA25119"
"srx","cele","R13H7.1"
"srb","cele","F23F12.10"
"sre","cele","C50E10.7"
"sra","cele","F28C12.1"
"srab","cele","C04F5.4"
"srh","pred","Pan_g10223.t1"
"srh","pred","Pan_g8389.t1"
"srh","cele","F57G8.3a"
"sri","ppac","PPA16353"
"srd","cele","H04J21.2"
"srj","ppac","PPA05832"
"srj","cele","Y45G12C.15"
"str","cele","C13B7.2"
"srw","cele","H27D07.5"
"pep","bmal","Bm1902"
"pep","nbra","NBR_0001028901-mRNA-1"
"srxa","cele","R04D3.10"
"srbc","cele","T06E6.11"
"srsx","dviv","DICVIV_04773"
"srz","cele","F56D6.4"
"srv","cele","T13A10.14"
"srv","ppac","PPA40802"
"sru","cele","C33A12.8"
"srg","ppac","PPA41365"
"srt","ppac","PPA41324"
"srx","cele","F31F4.2"
"srb","pred","Pan_g13049.t1"
"sre","cele","C50E10.8"
"sra","cele","T26E3.9"
"srab","cele","C04F5.5"
"srh","pred","Pan_g7086.t1"
"srh","cele","Y38H6C.12"
"sri","ppac","PPA23290"
"srd","cele","F09C6.7"
"srj","ppac","PPA40641"
"srj","cele","Y45G12C.14"
"str","cele","R08H2.13"
"srw","cele","C44C3.11"
"pep","ovol","OVOC3611"
"pep","rcul","nRc.2.0.1.t26143-RA"
"srxa","cele","R10E11.7"
"srbc","cele","T24A6.5"
"srsx","cele","F53F8.2"
"srz","cele","C08F11.9"
"srv","cele","T13A10.6"
"srv","ppac","PPA30514"
"sru","cele","C33A12.13"
"srg","ppac","PPA36613"
"srt","cele","Y41E3.12"
"srx","cele","F31F4.3"
"srb","ppac","PPA32096"
"sre","cele","C50E10.11"
"sra","cele","F28C12.4"
"srab","cele","C04F5.6"
"srh","pred","Pan_g11402.t1"
"srh","cele","T08G3.3"
"sri","ppac","PPA40985"
"srd","cele","F13A7.2"
"srj","ppac","PPA40731"
"srj","cele","F31F4.8"
"str","cele","Y6E2A.2"
"srw","cele","K12D9.3"
"pep","ppac","PPA23692"
"pep","srat","SRAE_X000073700"
"srxa","ppac","PPA11665"
"srbc","cele","Y39G10AR.22"
"srsx","cele","T26E4.15"
"srz","cele","F08A10.2"
"srv","cele","T13A10.9"
"srv","ppac","PPA41627"
"sru","cele","C28C12.13"
"srg","ppac","PPA36185"
"srt","cele","Y41E3.17"
"srx","cele","F31F4.4"
"sre","cele","C50E10.6"
"sra","cele","T06G6.2"
"srab","cele","C47A10.6"
"srh","pred","Pan_g1538.t1"
"srh","cele","T08G3.5"
"sri","ppac","PPA27921"
"srd","cele","C39B5.12"
"srj","ppac","PPA28946"
"srj","cele","F31F4.16"
"str","cele","F10A3.5"
"srw","cele","C44C3.1"
"pep","pred","Pan_g16383.t1"
"pep","rkr3","RSKR_0000856700.1"
"srxa","smur","SMUV_0000221101-mRNA-1"
"srbc","cele","Y32B12B.3"
"srsx","cele","M01B2.7"
"srz","cele","B0414.1"
"srv","cele","H04M03.9"
"srv","ppac","PPA29495"
"sru","cele","T04A11.8"
"srg","hcon","HCON_00047515"
"srt","cele","M199.1"
"srx","cele","T07H8.1"
"sre","cele","C50E10.5"
"sra","cele","T06G6.1"
"srab","cele","ZK697.7a"
"srh","pred","Pan_g17636.t2"
"srh","cele","F26D2.4"
"sri","ppac","PPA39191"
"srd","cele","Y22D7AR.8"
"srj","cele","T28A11.10"
"str","cele","F10A3.15"
"srw","cele","K12D9.5"
"pep","srat","SRAE_X000154100"
"pep","pred","Pan_g3141.t1"
"srxa","asuu","AgB04_g117_t02"
"srbc","cele","R09E12.1"
"srsx","cele","T26E4.14"
"srz","cele","H12I19.1"
"srv","cele","H04M03.6"
"srv","ppac","PPA38954"
"sru","cele","T04A11.7a"
"srg","nbra","NBR_0002081601-mRNA-1"
"srt","cele","M162.3a"
"srx","cele","C47A10.8"
"sre","cele","T05A7.8"
"sra","cele","F28C12.5"
"srab","cele","R13D11.6a"
"srh","pred","Pan_g1272.t1"
"srh","cele","F57E7.3"
"sri","ppac","PPA41092"
"srd","cele","C13B7.3a"
"srj","cele","T20C4.1a"
"str","cele","F10A3.13"
"srw","cele","K12D9.7"
"pep","ppac","PPA21852"
"pep","asuu","AgR022_g139_t01"
"srxa","tcan","Tcan_15272.1"
"srbc","cele","R09E12.2"
"srsx","cele","M01B2.9"
"srz","cele","F31E9.5"
"srv","cele","H04M03.8"
"srv","ppac","PPA40846"
"sru","cele","T02D1.3"
"srg","name","NECAME_08179"
"srt","cele","Y41E3.14"
"srx","cele","K06B4.9"
"sre","cele","ZC455.7b"
"sra","cele","F28C12.7"
"srab","tcan","Tcan_18798.1"
"srh","pred","Pan_g9815.t2"
"srh","cele","Y6E2A.6"
"sri","ppac","PPA41778"
"srd","cele","Y45G12C.7"
"srj","cele","T28A11.9"
"str","cele","K05D4.2"
"srw","cele","K12D9.4"
"pep","asuu","AgR033_g045_t05"
"pep","smur","SMUV_0000080001-mRNA-1"
"srxa","pred","Pan_g5377.t1"
"srbc","cele","R09E12.8"
"srsx","hcon","HCON_00098640"
"srz","cele","H12I19.2"
"srv","cele","C06E7.7"
"srv","ppac","PPA40582"
"sru","cele","C50C10.3"
"srg","pred","Pan_g19997.t1"
"srt","cele","Y41E3.15"
"srx","cele","R13D11.9"
"sre","cele","ZC455.7a"
"sra","cele","F28C12.2"
"srab","srat","SRAE_2000128200"
"srh","pred","Pan_g17867.t2"
"srh","cele","T08G3.12"
"sri","ppac","PPA26053"
"srd","cele","F15A2.4"
"srj","cele","Y40B10B.2b"
"str","cele","F44G3.1"
"srw","cele","C44C3.5"
"pep","asuu","AgR033_g045_t04"
"pep","hcon","HCON_00120350.1"
"srxa","srat","SRAE_1000309000"
"srbc","cele","M01B2.3"
"srsx","hcon","HCON_00107945"
"srz","cele","C55A1.12"
"srv","hcon","HCON_00097270.2"
"srv","ppac","PPA26997"
"sru","tspi","EFV57434"
"srg","pred","Pan_g23758.t2"
"srt","cele","F18E2.4"
"srx","cele","F41H8.4"
"sre","cele","F36D1.2"
"sra","cele","T19D12.8"
"srab","ppac","PPA41001"
"srh","pred","Pan_g4240.t1"
"srh","cele","Y70C5C.4"
"sri","ppac","PPA01296"
"srd","cele","R04B5.8"
"srj","cele","R13D7.3"
"str","cele","F10A3.6"
"srw","cele","H27D07.4"
"pep","bmal","Bm4879"
"pep","hcon","HCON_00120350.2"
"srxa","hcon","HCON_00013980"
"srbc","cele","M01B2.4"
"srsx","hcon","HCON_00098615"
"srz","cele","Y68A4A.2"
"srv","dviv","DICVIV_06506"
"srv","cele","Y105C5B.10"
"sru","cele","F36D1.3"
"srg","pred","Pan_g23757.t2"
"srt","cele","Y38C9B.2"
"srx","cele","R05D8.5"
"sre","cele","ZK265.5"
"sra","rcul","nRc.2.0.1.t02769-RA"
"srab","hcon","HCON_00162320"
"srh","pred","Pan_g20355.t1"
"srh","cele","F36D3.6"
"sri","ppac","PPA36276"
"srd","cele","F15A2.3"
"srj","cele","F14H3.1"
"str","cele","T10H4.2"
"srw","cele","C44C3.3"
"pep","ovol","OVOC11602"
"pep","ppac","PPA27428"
"srxa","acant","ACAC_0001186601-mRNA-1"
"srbc","cele","T05G11.2"
"srsx","dviv","DICVIV_10067"
"srz","cele","Y102A5C.25"
"srv","hcon","HCON_00104035"
"srv","cele","T04B2.4"
"sru","cele","C50C10.1"
"srg","pred","Pan_g15222.t1"
"srt","cele","R13D7.10"
"srx","cele","R05D8.4"
"sre","ppac","PPA39965"
"sra","rcul","nRc.2.0.1.t02768-RA"
"srab","acani","ANCCAN_02702"
"srh","pred","Pan_g1194.t1"
"srh","cele","T27C5.5"
"sri","ppac","PPA41285"
"srd","cele","C24H11.4"
"srj","cele","T28A11.12"
"str","cele","F07C3.8"
"srw","cele","T05B4.6"
"pep","hcon","HCON_00035590"
"pep","srat","SRAE_X000007600"
"srxa","rkr3","RSKR_0000165700.1"
"srbc","cele","B0250.6"
"srsx","name","NECAME_12373"
"srz","pred","Pan_g15717.t1"
"srv","name","NECAME_14067"
"srv","cele","Y73B6BL.39"
"sru","cele","F46B6.11b"
"srg","pred","Pan_g16004.t1"
"srt","cele","C50H11.2"
"srx","cele","C24B9.16"
"sre","cele","C47A10.4"
"sra","cele","Y40H7A.6"
"srab","hcon","HCON_00057380"
"srh","pred","Pan_g12395.t1"
"srh","cele","Y59A8B.3"
"sri","ppac","PPA41025"
"srd","hcon","HCON_00067150"
"srj","cele","C27A7.7"
"str","cele","F58G4.2"
"srw","cele","K12D9.9"
"pep","mhap","MhA1_Contig1101.frz3.gene10"
"pep","acant","ACAC_0001242001-mRNA-1"
"srxa","tcan","Tcan_15655.1"
"srbc","cele","B0250.10"
"srsx","nbra","NBR_0001447501-mRNA-1"
"srz","cele","Y6G8.4"
"srv","nbra","NBR_0000948301-mRNA-1"
"srv","cele","Y105C5B.6c"
"sru","cele","F46B6.11a"
"srg","pred","Pan_g12816.t1"
"srt","cele","C13B7.1"
"srx","cele","F59B1.7"
"sre","ppac","PPA39295"
"sra","cele","F18C5.1"
"srab","asuu","AgB20_g040_t03"
"srh","pred","Pan_g24187.t1"
"srh","cele","F14F9.1"
"sri","ppac","PPA40377"
"srd","acani","ANCCAN_02374"
"srj","ppac","PPA38552"
"str","cele","F59A1.3"
"srw","cele","H05B21.3"
"pep","pred","Pan_g16381.t1"
"pep","ppac","PPA38715"
"srxa","acant","ACAC_0001228001-mRNA-1"
"srbc","cele","Y45G12C.8"
"srsx","pred","Pan_g17686.t1"
"srz","cele","T25E12.11"
"srv","cele","F13A7.3"
"srv","cele","Y105C5B.6a"
"sru","cele","R07B5.4"
"srg","pred","Pan_g12819.t1"
"srt","cele","Y45G12C.5"
"srx","cele","T10C6.4"
"sre","ppac","PPA30553"
"sra","rcul","nRc.2.0.1.t30999-RA"
"srab","asuu","AgB20_g040_t02"
"srh","pred","Pan_g11963.t1"
"srh","cele","Y47G7B.1"
"sri","ppac","PPA41379"
"srd","name","NECAME_11027"
"srj","rkr3","RSKR_0000141150.1"
"str","cele","F59A1.14"
"srw","cele","H27D07.2"
"pep","nbra","NBR_0001991601-mRNA-1"
"pep","hcon","HCON_00113810"
"srxa","ppac","PPA39215"
"srbc","cele","C31A11.3"
"srsx","ppac","PPA25820"
"srz","cele","T25E12.13"
"srv","ppac","PPA11608"
"srv","cele","H25K10.3"
"sru","cele","T08G3.8"
"srg","pred","Pan_g680.t1"
"srt","cele","ZC142.2"
"srx","cele","T10C6.3"
"sre","hcon","HCON_00034730"
"sra","rkr3","RSKR_0000910350.1"
"srab","ppac","PPA27615"
"srh","pred","Pan_g2606.t1"
"srh","cele","F14F9.7"
"sri","ppac","PPA07166"
"srd","tcan","Tcan_15025.1"
"str","cele","F59E11.13"
"srw","cele","H05B21.4"
"pep","acani","ANCCAN_03626"
"pep","acant","ACAC_0001055201-mRNA-1"
"srxa","ovol","OVOC6172"
"srbc","cele","C31A11.4"
"srsx","ppac","PPA40029"
"srz","cele","F08H9.12"
"srv","ppac","PPA13810"
"srv","asuu","AgB22X_g027_t01"
"sru","cele","Y32B12B.7"
"srg","pred","Pan_g3087.t1"
"srt","cele","ZC142.1a"
"srx","cele","C06B3.11"
"sre","hcon","HCON_00034742"
"sra","ppac","PPA25213"
"srab","ppac","PPA10724"
"srh","ppac","PPA43340"
"srh","cele","T01E8.7"
"sri","ppac","PPA03030"
"srd","asuu","AgR020_g062_t03"
"str","cele","R08H2.2"
"srw","cele","H27D07.3b"
"pep","rcul","nRc.2.0.1.t13630-RA"
"pep","bmal","Bm3954"
"srxa","srat","SRAE_1000259700"
"srbc","cele","C31A11.10"
"srsx","ppac","PPA41636"
"srz","cele","B0205.2a"
"srv","ppac","PPA08930"
"srv","hcon","HCON_00128270"
"sru","cele","R07B5.3a"
"srg","cele","F31E9.2"
"srt","cele","E03D2.4a"
"srx","ppac","PPA40737"
"sre","hcon","HCON_00034720"
"sra","ppac","PPA18067"
"srab","pred","Pan_g1613.t1"
"srh","ppac","PPA43086"
"srh","cele","ZK697.11a"
"sri","ppac","PPA41528"
"srd","asuu","AgR020_g062_t05"
"str","cele","F59E11.16"
"srw","cele","H27D07.3a"
"pep","mhap","MhA1_Contig1744.frz3.fgene1"
"pep","bmal","Bm17829"
"srxa","pred","Pan_g16038.t1"
"srbc","ppac","PPA06049"
"srsx","ppac","PPA42860"
"srz","cele","K03D3.11"
"srv","ppac","PPA05319"
"srv","hcon","HCON_00128030"
"sru","cele","T03G11.2"
"srg","cele","C51F7.2"
"srt","cele","C50H11.10"
"srx","name","NECAME_04121"
"sre","hcon","HCON_00034710"
"sra","ppac","PPA37828"
"srab","ppac","PPA43472"
"srh","cele","F07C4.13"
"sri","ppac","PPA09075"
"srd","asuu","AgR020_g062_t02"
"str","cele","F59E11.14"
"srw","cele","ZK1037.9"
"pep","rkr3","RSKR_0000806100.1"
"pep","ovol","OVOC12027"
"srxa","nbra","NBR_0001676201-mRNA-1"
"srbc","rkr3","RSKR_0000543150.1"
"srsx","ppac","PPA08016"
"srv","ppac","PPA40429"
"srv","ppac","PPA35928"
"sru","nbra","NBR_0000029101-mRNA-1"
"srg","cele","T19C4.9"
"srt","cele","R03H4.4"
"srx","acani","ANCCAN_10833"
"sre","hcon","HCON_00040430"
"sra","ppac","PPA35922"
"srab","ppac","PPA17065"
"srh","cele","R03H4.9"
"sri","ppac","PPA15547"
"srd","asuu","AgR020_g062_t04"
"str","cele","F59E11.15"
"srw","cele","M01G12.4"
"pep","srat","SRAE_X000115600"
"pep","hcon","HCON_00156550"
"srxa","tcan","Tcan_08156.1"
"srbc","cele","T05E12.2"
"srsx","ppac","PPA20723"
"srv","ppac","PPA42626"
"srv","ppac","PPA37901"
"srg","cele","T19C4.3"
"srt","cele","F48G7.6d"
"srx","acani","ANCCAN_24820"
"sre","ppac","PPA20731"
"sra","ppac","PPA37815"
"srab","ppac","PPA41834"
"srh","cele","E03D2.3"
"sri","ppac","PPA41319"
"srd","cele","T19H12.4"
"str","cele","Y40H7A.1"
"srw","cele","C03A7.3"
"pep","asuu","AgR002_g331_t01"
"pep","acani","ANCCAN_00917"
"srxa","asuu","AgR008_g250_t07"
"srbc","cele","C45H4.1"
"srsx","ppac","PPA36213"
"srv","ppac","PPA14548"
"srg","cele","T19C4.4"
"srt","cele","ZK1037.3"
"srx","acani","ANCCAN_10834"
"sre","ppac","PPA09309"
"sra","ppac","PPA36763"
"srab","ppac","PPA03530"
"srh","cele","F20E11.10"
"sri","ppac","PPA33034"
"srd","cele","T19H12.5"
"str","cele","T26H2.6a"
"srw","cele","C44C3.7"
"pep","tcan","Tcan_11881.1"
"pep","nbra","NBR_0001534101-mRNA-1"
"srxa","asuu","AgR008_g250_t10"
"srbc","cele","C45H4.3a"
"srsx","ppac","PPA41031"
"srv","ppac","PPA07995"
"srg","cele","T19C4.2"
"srt","cele","F47D2.7b"
"srx","hcon","HCON_00040920"
"sre","ppac","PPA42714"
"sra","ppac","PPA42413"
"srab","rcul","nRc.2.0.1.t35902-RA"
"srh","cele","C43D7.6"
"sri","ppac","PPA38529"
"srd","hcon","HCON_00141810"
"str","cele","W06D12.4"
"srw","cele","C44C3.2"
"pep","pred","Pan_g17012.t2"
"pep","ppac","PPA08032"
"srxa","tcan","Tcan_03702.1"
"srbc","cele","C45H4.16"
"srsx","ppac","PPA09049"
"srv","nbra","NBR_0000920001-mRNA-1"
"srg","tspi","EFV54432"
"srt","cele","F47D2.7a"
"srx","hcon","HCON_00039750"
"sre","ppac","PPA38783"
"sra","cele","T21H8.2"
"srab","asuu","AgR033_g089_t02"
"srh","cele","ZK262.11"
"sri","ppac","PPA40533"
"srd","acani","ANCCAN_01858"
"str","cele","B0213.8"
"srw","cele","C33G8.1"
"pep","pred","Pan_g17012.t1"
"pep","rkr3","RSKR_0001135300.1"
"srxa","pred","Pan_g23598.t1"
"srbc","cele","C45H4.11a"
"srsx","ppac","PPA36161"
"srv","hcon","HCON_00124815"
"srg","srat","SRAE_X000186100"
"srt","cele","Y55F3C.2"
"srx","cele","Y55F3AM.2"
"sre","ppac","PPA13793"
"sra","tspi","EFV60928"
"srab","asuu","AgR033_g089_t01"
"srh","cele","ZK262.1"
"sri","ppac","PPA31121"
"srd","acani","ANCCAN_01857"
"str","cele","B0213.7"
"srw","cele","T24A6.14"
"pep","srat","SRAE_X000216000"
"pep","pred","Pan_g3021.t1"
"srxa","rkr3","RSKR_0000458400.1"
"srbc","cele","C04E12.9"
"srsx","ppac","PPA29581"
"srg","cele","T07H8.5"
"srt","cele","Y55F3C.8"
"srx","cele","C44B12.4"
"sre","rkr3","RSKR_0000913750.1"
"sra","cele","T21H8.3"
"srab","asuu","AgR007_g045_t01"
"srh","cele","Y102A5C.15"
"sri","ppac","PPA09448"
"srd","cele","F07C4.8"
"str","cele","F59B1.1b"
"srw","cele","ZK697.5"
"pep","pred","Pan_g8758.t1"
"pep","ppac","PPA19984"
"srxa","dviv","DICVIV_09735"
"srbc","cele","F35F10.9a"
"srsx","ppac","PPA04029"
"srg","cele","T21C9.7"
"srt","hcon","HCON_00107160"
"srx","hcon","HCON_00118920"
"sre","rkr3","RSKR_0000909350.1"
"sra","cele","T21H8.4"
"srab","tcan","Tcan_15822.1"
"srh","cele","F10G2.8"
"sri","ppac","PPA29472"
"srd","cele","F07C4.5"
"str","cele","F59B1.1a"
"srw","cele","ZK697.12"
"pep","asuu","AgR038_g069_t01"
"pep","tcan","Tcan_05504.1"
"srxa","acani","ANCCAN_17773"
"srbc","cele","T28A11.7"
"srsx","ppac","PPA41084"
"srg","cele","F21F8.1"
"srt","nbra","NBR_0000697401-mRNA-1"
"srx","hcon","HCON_00154720"
"sre","ppac","PPA01334"
"sra","hcon","HCON_00151110"
"srab","pred","Pan_g13768.t1"
"srh","cele","ZC132.7"
"sri","ppac","PPA04566"
"srd","cele","F07C4.4"
"str","cele","Y39H10B.1a"
"srw","cele","Y46H3C.1a"
"pep","asuu","AgR038_g069_t03"
"pep","rkr3","RSKR_0001010700.1"
"srxa","asuu","AgB22X_g027_t02"
"srbc","cele","F35F10.2"
"srsx","ppac","PPA41515"
"srg","ppac","PPA40403"
"srt","acani","ANCCAN_05107"
"srx","hcon","HCON_00154725"
"sre","cele","C41C4.2"
"srab","pred","Pan_g1370.t1"
"srh","cele","F47D2.9"
"sri","ppac","PPA41209"
"srd","cele","F07C4.3"
"str","cele","F07B10.3"
"srw","cele","Y46H3C.1b"
"pep","asuu","AgR038_g069_t02"
"pep","ppac","PPA37485"
"srxa","hcon","HCON_00060950"
"srbc","cele","C18B10.5"
"srsx","ppac","PPA41545"
"srg","cele","Y51A2D.12"
"srt","acant","ACAC_0001187201-mRNA-1"
"srx","ppac","PPA11920"
"sre","ppac","PPA40284"
"srab","nbra","NBR_0001231101-mRNA-1"
"srh","cele","F47D2.10b"
"sri","ppac","PPA40504"
"srd","cele","T02B5.4"
"str","cele","F07B10.2"
"srw","cele","R11G11.13"
"pep","bmal","Bm6515"
"pep","tcan","Tcan_11266.1"
"srxa","acant","ACAC_0000133601-mRNA-1"
"srbc","cele","C18B10.4"
"srsx","pred","Pan_g14635.t1"
"srg","cele","K04C1.6"
"srt","ppac","PPA42380"
"srx","ppac","PPA36350"
"sre","cele","B0495.1"
"srab","nbra","NBR_0001481401-mRNA-1"
"srh","cele","R52.7"
"sri","ppac","PPA40929"
"srd","cele","M01B2.2"
"str","cele","F10D2.4"
"srw","cele","ZK488.9"
"pep","hcon","HCON_00115700"
"pep","srat","SRAE_2000379200"
"srxa","pred","Pan_g13999.t1"
"srbc","cele","C18B10.3"
"srsx","pred","Pan_g14636.t1"
"srg","cele","K04C1.1"
"srt","ppac","PPA40618"
"srx","ppac","PPA07910"
"sre","srat","SRAE_2000498600"
"srab","pred","Pan_g3574.t1"
"srh","cele","C17E7.2"
"sri","cele","T22H2.1"
"srd","cele","T26E4.12"
"str","cele","T23D5.9"
"srw","cele","ZK697.13a"
"pep","rcul","nRc.2.0.1.t10978-RA"
"pep","rkr3","RSKR_0001150250.1"
"srxa","acant","ACAC_0000301601-mRNA-1"
"srbc","cele","C36C5.3"
"srsx","pred","Pan_g14637.t1"
"srg","ppac","PPA36663"
"srt","ppac","PPA14311"
"srx","ppac","PPA41691"
"sre","asuu","AgR001_g422_t01"
"srab","tcan","Tcan_08158.1"
"srh","cele","C50H11.7"
"sri","cele","T22H2.3"
"srd","cele","Y40H7A.5"
"str","cele","C42D4.4"
"srw","cele","Y46H3C.2a"
"pep","rcul","nRc.2.0.1.t36443-RA"
"srxa","rkr3","RSKR_0001171000.1"
"srbc","cele","C18B10.1"
"srsx","pred","Pan_g14027.t1"
"srg","ppac","PPA17135"
"srt","pred","Pan_g21575.t1"
"srx","ppac","PPA40800"
"sre","tcan","Tcan_10817.1"
"srab","srat","SRAE_2000482900"
"srh","cele","F36G9.2"
"sri","cele","C54E10.4"
"srd","cele","W06G6.3"
"str","cele","T09F5.3"
"srw","cele","T06G6.7"
"pep","rcul","nRc.2.0.1.t05103-RA"
"srxa","bmal","Bm4504"
"srbc","cele","C18B10.2"
"srsx","pred","Pan_g14994.t1"
"srg","ppac","PPA00985"
"srt","pred","Pan_g9544.t1"
"srx","ppac","PPA41561"
"sre","ppac","PPA23254"
"srab","cele","R10H1.2a"
"srh","cele","F37B4.1"
"sri","cele","T06E6.4"
"srd","cele","B0547.4a"
"str","cele","C34D4.8"
"srw","cele","Y46H3C.3"
"pep","ppac","PPA18124"
"srxa","name","NECAME_05022"
"srbc","cele","Y5H2B.4"
"srsx","pred","Pan_g12078.t1"
"srg","ppac","PPA39340"
"srt","pred","Pan_g5697.t1"
"srx","ppac","PPA38955"
"sre","ppac","PPA40475"
"srab","ppac","PPA23283"
"srh","cele","T20B3.5"
"sri","cele","T09E8.5a"
"srd","cele","C06G8.4"
"str","cele","F07C4.1"
"srw","cele","H06H21.1"
"pep","tcan","Tcan_07525.1"
"srxa","ppac","PPA14598"
"srbc","cele","C45H4.8"
"srsx","pred","Pan_g7257.t1"
"srg","ppac","PPA42041"
"srt","pred","Pan_g1079.t1"
"srx","ppac","PPA40545"
"sre","ppac","PPA03069"
"srab","tcan","Tcan_07130.1"
"srh","cele","Y113G7B.2"
"sri","cele","M01G12.13"
"srd","cele","T19E7.5"
"str","cele","C14H10.4"
"srw","cele","H06H21.2"
"pep","pred","Pan_g1496.t1"
"srxa","srat","SRAE_2000380600"
"srbc","cele","C45H4.7"
"srsx","mhap","MhA1_Contig840.frz3.gene1"
"srg","ppac","PPA11785"
"srt","rkr3","RSKR_0000542100.1"
"srx","ppac","PPA36081"
"sre","ppac","PPA40955"
"srab","ppac","PPA23966"
"srh","cele","T20B3.3"
"sri","cele","M01G12.1"
"srd","cele","F53F4.9a"
"str","cele","Y19D10A.13"
"srw","cele","K04F1.3a"
"pep","pred","Pan_g1496.t2"
"srxa","hcon","HCON_00147750"
"srbc","cele","C45H4.9"
"srsx","mhap","MhA1_Contig13.frz3.fgene1"
"srg","ppac","PPA41070"
"srt","rkr3","RSKR_0000263366.1"
"srx","ppac","PPA20838"
"sre","ppac","PPA42235"
"srab","hcon","HCON_00062050"
"srh","cele","T20B3.4"
"sri","cele","F15H9.3"
"srd","cele","C39H7.6"
"str","cele","T23F1.4"
"srw","cele","ZC204.15"
"pep","asuu","AgR021X_g053_t03"
"srbc","cele","ZC455.8a"
"srsx","mhap","MhA1_Contig247.frz3.gene1"
"srg","ppac","PPA01179"
"srt","rkr3","RSKR_0001041550.1"
"srx","ppac","PPA12284"
"sre","ppac","PPA40780"
"srab","dviv","DICVIV_09090"
"srh","cele","F47C12.10"
"sri","cele","F15H9.4"
"srd","cele","C39H7.7"
"str","cele","F26D2.1"
"srw","cele","K04F1.4"
"pep","hcon","HCON_00147890"
"srbc","cele","ZC455.9"
"srsx","mhap","MhA1_Contig926.frz3.gene3"
"srg","ppac","PPA38833"
"srt","rkr3","RSKR_0000588866.1"
"srx","srat","SRAE_0000012400"
"sre","ppac","PPA23265"
"srab","nbra","NBR_0001446501-mRNA-1"
"srh","cele","F47C12.3"
"sri","cele","F15H9.2"
"srd","cele","Y45F10B.14"
"str","cele","Y73C8C.5"
"srw","cele","R10D12.17"
"pep","acani","ANCCAN_20707"
"srbc","cele","C02A12.2"
"srsx","mhap","MhA1_Contig2523.frz3.gene1"
"srg","cele","Y43B11AR.5"
"srt","rkr3","RSKR_0001002050.1"
"srx","srat","SRAE_1000256800"
"sre","ppac","PPA30123"
"srab","ppac","PPA39267"
"srh","cele","C35D6.1"
"sri","cele","F28D9.2a"
"srd","acant","ACAC_0000362901-mRNA-1"
"str","cele","K10C9.6"
"srw","cele","F18E3.2"
"pep","ppac","PPA14216"
"srbc","cele","C02A12.3"
"srsx","smur","SMUV_0000608201-mRNA-1"
"srg","cele","Y43B11AR.2"
"srt","rkr3","RSKR_0000390316.1"
"srx","rkr3","RSKR_0000393300.1"
"sre","cele","C42C1.1"
"srab","ppac","PPA03781"
"srh","cele","C35D6.2"
"sri","cele","Y22F5A.2"
"srd","name","NECAME_02331"
"str","cele","Y73C8C.6a"
"srw","cele","Y57G7A.4"
"pep","srat","SRAE_2000432700"
"srbc","cele","C02A12.9"
"srsx","tcan","Tcan_00200.1"
"srg","cele","T02B11.1"
"srt","rkr3","RSKR_0000142133.1"
"srx","asuu","AgR058_g011_t01"
"sre","cele","C38C6.4"
"srab","rcul","nRc.2.0.1.t14051-RA"
"srh","cele","C06B8.10"
"sri","cele","D2062.3"
"srd","cele","Y38A10A.1"
"str","cele","T28A11.1"
"srw","cele","F18E3.4b"
"pep","hcon","HCON_00100890"
"srbc","cele","Y49C4A.1"
"srsx","tcan","Tcan_05937.1"
"srg","cele","Y40H7A.8"
"srt","rkr3","RSKR_0000407650.1"
"srx","tcan","Tcan_03626.1"
"sre","cele","Y39C12A.3b"
"srab","rcul","nRc.2.0.1.t06159-RA"
"srh","cele","Y59A8A.4"
"sri","cele","F33H12.4"
"srd","cele","F53F1.11"
"str","cele","C17B7.1"
"srw","cele","F18E3.5"
"pep","asuu","AgB20_g063_t01"
"srbc","cele","Y49C4A.3"
"srsx","asuu","AgR012_g101_t02"
"srg","cele","F32H5.5"
"srt","rkr3","RSKR_0000483450.1"
"srx","bmal","Bm2750"
"sre","cele","Y39C12A.6"
"srab","rcul","nRc.2.0.1.t44501-RA"
"srh","cele","Y94A7B.5"
"sri","cele","D2062.9"
"srd","cele","Y2H9A.2"
"str","cele","F14F8.1"
"srw","cele","T11F1.1"
"pep","nbra","NBR_0001456201-mRNA-1"
"srbc","cele","Y49C4A.2"
"srsx","ovol","OVOC9675"
"srg","acani","ANCCAN_16812"
"srt","rkr3","RSKR_0001044775.1"
"srx","ovol","OVOC7106"
"sre","cele","Y39C12A.5"
"srab","rcul","nRc.2.0.1.t15631-RA"
"srh","cele","Y94A7B.6"
"sri","cele","C14C6.11"
"srd","cele","C04E6.9"
"str","cele","F26D2.7"
"srw","cele","T05A6.6"
"pep","tcan","Tcan_16774.1"
"srbc","cele","C02A12.10"
"srsx","ovol","OVOC12736"
"srg","cele","W09D12.3"
"srt","rkr3","RSKR_0000922250.1"
"srx","hcon","HCON_00026650"
"sre","cele","C17E7.3a"
"srab","hcon","HCON_00028730"
"srh","cele","K08G2.9"
"sri","cele","C14C6.10a"
"srd","cele","C04E6.10"
"str","cele","T06C12.2"
"srw","cele","Y43F8A.4"
"pep","hcon","HCON_00156470"
"srbc","cele","C02A12.5"
"srsx","ovol","OVOC2071"
"srg","cele","W09D12.2"
"srt","rkr3","RSKR_0000568980.1"
"srx","nbra","NBR_0000606101-mRNA-1"
"sre","cele","C07D10.3"
"srab","mhap","MhA1_Contig7.frz3.gene23"
"srh","cele","Y94A7B.9"
"sri","cele","Y102A5C.32"
"srd","cele","T09D3.1"
"str","cele","T06C12.3"
"srw","cele","W06G6.6"
"pep","dviv","DICVIV_08896"
"srbc","cele","C02A12.6"
"srsx","ovol","OVOC3453"
"srg","rcul","nRc.2.0.1.t27276-RA"
"srt","rkr3","RSKR_0000675250.1"
"srx","acani","ANCCAN_09534"
"sre","acani","ANCCAN_12050"
"srab","pred","Pan_g10466.t1"
"srh","cele","Y94A7B.7"
"sri","cele","Y61B8B.1"
"srd","hcon","HCON_00140860"
"str","cele","C31B8.6a"
"srw","cele","W06G6.8"
"pep","nbra","NBR_0001108901-mRNA-1"
"srbc","cele","F16B4.10"
"srsx","ppac","PPA34690"
"srg","cele","R05D8.6"
"srt","rkr3","RSKR_0000729650.1"
"srx","acani","ANCCAN_00649"
"sre","cele","T07H8.7"
"srab","smur","SMUV_0000314001-mRNA-1"
"srh","cele","ZK1037.8"
"sri","cele","F28B1.6"
"srd","hcon","HCON_00140900"
"str","cele","C50H11.12"
"srw","cele","F20E11.6"
"pep","asuu","AgR004_g142_t04"
"srbc","cele","H24O09.1a"
"srsx","cele","F38E1.8"
"srg","cele","T05C3.8"
"srt","rkr3","RSKR_0001084625.1"
"srx","asuu","AgR035X_g035_t02"
"sre","cele","T13F2.5"
"srab","tcan","Tcan_17180.1"
"srh","cele","Y94A7B.4"
"sri","cele","Y60A3A.22a"
"srd","hcon","HCON_00140920"
"str","cele","R13D7.1"
"srw","cele","ZK262.6"
"pep","asuu","AgR004_g142_t05"
"srbc","tcan","Tcan_08970.1"
"srsx","cele","C03G6.16"
"srg","cele","T05C3.7"
"srt","rkr3","RSKR_0000011550.1"
"srx","tcan","Tcan_12016.1"
"sre","cele","B0212.2"
"srab","asuu","AgR055_g033_t02"
"srh","cele","K08G2.8"
"sri","cele","F13A7.8"
"srd","cele","K10B4.5"
"str","cele","F37B4.12"
"srw","cele","ZK262.7"
"pep","tcan","Tcan_02708.1"
"srbc","tcan","Tcan_16759.1"
"srsx","cele","Y62E10A.4a"
"srg","cele","ZC317.5"
"srt","rkr3","RSKR_0001063725.1"
"srx","tcan","Tcan_03615.1"
"sre","cele","F40G12.1"
"srab","tcan","Tcan_02700.1"
"srh","cele","C47A10.9"
"sri","cele","F22E5.16"
"srd","cele","F33H1.5"
"str","cele","C50B6.12"
"srw","cele","T11F1.5"
"pep","pred","Pan_g16891.t1"
"srbc","tcan","Tcan_13903.1"
"srsx","acant","ACAC_0000987101-mRNA-1"
"srg","cele","ZC317.4"
"srt","pred","Pan_g21533.t1"
"srx","bmal","Bm4872"
"sre","cele","K02E11.2"
"srab","asuu","AgR033_g083_t02"
"srh","cele","Y94A7B.1"
"sri","cele","Y27F2A.2"
"srd","cele","ZK863.5"
"str","cele","T23D5.2"
"srw","cele","F18E3.6"
"pep","rcul","nRc.2.0.1.t03983-RA"
"srbc","bmal","Bm9890"
"srsx","acani","ANCCAN_06231"
"srg","cele","C24B9.15"
"srt","pred","Pan_g11842.t1"
"srx","ovol","OVOC3382"
"sre","cele","F28H7.9"
"srab","asuu","AgR033_g083_t04"
"srh","cele","C47A10.10"
"sri","cele","F39E9.3"
"srd","acani","ANCCAN_05071"
"str","cele","C24B9.1"
"srw","cele","T03E6.6"
"pep","rcul","nRc.2.0.1.t44736-RA"
"srbc","ovol","OVOC9680"
"srsx","srat","SRAE_2000105700"
"srg","cele","C24B9.7"
"srt","pred","Pan_g11841.t1"
"srx","ovol","OVOC12728"
"sre","pred","Pan_g4548.t1"
"srab","tcan","Tcan_16304.1"
"srh","cele","C47A10.11"
"sri","cele","F34D6.5"
"srd","ppac","PPA01214"
"str","cele","T08H10.2"
"srw","cele","C06B8.9"
"pep","bmal","Bm4283"
"srbc","tcan","Tcan_04731.1"
"srsx","rkr3","RSKR_0000197300.1"
"srg","cele","ZK678.6"
"srt","pred","Pan_g12314.t1"
"srx","bmal","Bm11067"
"sre","pred","Pan_g4550.t1"
"srab","tcan","Tcan_11946.1"
"srh","cele","C47A10.3"
"sri","cele","Y47G7B.3"
"srd","ppac","PPA24290"
"str","cele","T19H12.7"
"srw","cele","T05E12.4"
"pep","ovol","OVOC5378"
"srbc","bmal","Bm9109"
"srsx","rcul","nRc.2.0.1.t01564-RA"
"srg","cele","C24B9.12"
"srt","hcon","HCON_00129560"
"srx","bmal","Bm17819"
"sre","pred","Pan_g4551.t1"
"srab","pred","Pan_g17909.t1"
"srh","cele","C47A10.2"
"sri","cele","F34D6.6"
"srd","ppac","PPA16579"
"str","cele","C54F6.10"
"srw","cele","F49A5.8"
"pep","asuu","AgB06_g174_t03"
"srbc","bmal","Bm1294b"
"srsx","cele","C13D9.5"
"srg","cele","C24B9.14"
"srt","cele","Y73C8C.9"
"srx","bmal","Bm2337"
"sre","rkr3","RSKR_0000546050.1"
"srab","tcan","Tcan_18659.1"
"srh","cele","K05D4.6a"
"sri","cele","T10D4.8"
"srd","ppac","PPA40866"
"str","cele","T27C4.3"
"srw","cele","C41G6.7"
"pep","pred","Pan_g9298.t1"
"srbc","bmal","Bm18561"
"srsx","cele","C13D9.6"
"srg","ppac","PPA45938"
"srt","hcon","HCON_00041205"
"srx","ovol","OVOC12227"
"sre","rkr3","RSKR_0000409050.1"
"srab","tcan","Tcan_11671.1"
"srh","cele","F11A5.2"
"sri","cele","T10D4.12"
"srd","ppac","PPA29530"
"str","cele","C05E4.2a"
"srw","cele","T10H4.6"
"pep","rkr3","RSKR_0000578050.1"
"srbc","smur","SMUV_0000007901-mRNA-1"
"srsx","cele","F26G5.12"
"srg","rkr3","RSKR_0000859440.1"
"srt","ppac","PPA04184"
"srx","ovol","OVOC12199"
"sre","rkr3","RSKR_0000022933.1"
"srab","hcon","HCON_00024890"
"srh","cele","F11A5.1"
"sri","cele","Y27F2A.7"
"srd","ppac","PPA34495"
"str","cele","C05E4.2b"
"srw","cele","T10H4.5"
"pep","hcon","HCON_00102700"
"srbc","asuu","AgR006_g321_t05"
"srsx","cele","F26G5.10"
"srg","rkr3","RSKR_0000844950.1"
"srt","mhap","MhA1_Contig2234.frz3.gene4"
"srx","bmal","Bm11061"
"sre","pred","Pan_g9711.t1"
"srab","bmal","Bm18045"
"srh","cele","T03E6.5"
"sri","cele","Y27F2A.4"
"srd","ppac","PPA04819"
"str","cele","F44G3.11a"
"srw","cele","C41G6.15"
"pep","ovol","OVOC4233"
"srbc","asuu","AgR006_g321_t03"
"srsx","cele","Y97E10B.3"
"srg","ppac","PPA39619"
"srt","mhap","MhA1_Contig2526.frz3.fgene1"
"srx","bmal","Bm11060"
"sre","pred","Pan_g4254.t2"
"srab","ovol","OVOC12438"
"srh","cele","C03G6.7"
"sri","cele","F33H12.5"
"srd","ppac","PPA40894"
"str","cele","C55A1.5"
"srw","cele","C41G6.3"
"pep","asuu","AgB06_g092_t01"
"srbc","asuu","AgR006_g321_t06"
"srsx","cele","Y97E10B.4"
"srg","ppac","PPA20890"
"srt","mhap","MhA1_Contig2002.frz3.fgene1"
"srx","ovol","OVOC12395"
"sre","pred","Pan_g18493.t1"
"srab","ovol","OVOC2236"
"srh","cele","C32B5.2"
"sri","cele","D2062.2"
"srd","ppac","PPA35133"
"str","cele","T23D5.7"
"srw","cele","M01B2.11"
"pep","tcan","Tcan_08151.1"
"srbc","asuu","AgR006_g321_t01"
"srsx","cele","Y97E10B.2"
"srg","ppac","PPA41767"
"srt","mhap","MhA1_Contig1886.frz3.gene4"
"srx","ovol","OVOC12511"
"sre","pred","Pan_g14566.t1"
"srab","ovol","OVOC12414"
"srh","cele","W02H5.6a"
"sri","cele","F33H12.2"
"srd","ppac","PPA41593"
"str","cele","T23D5.6"
"srw","cele","T10H4.3"
"pep","tcan","Tcan_08155.1"
"srbc","asuu","AgR006_g321_t02"
"srsx","cele","F40D4.5"
"srg","ppac","PPA27903"
"srt","pred","Pan_g19487.t1"
"srx","ovol","OVOC12678"
"sre","pred","Pan_g10480.t1"
"srab","ovol","OVOC2042"
"srh","cele","F37B4.4"
"sri","cele","D2062.8"
"srd","ppac","PPA35673"
"str","cele","Y73C8A.1b"
"srw","cele","F59D6.5"
"pep","tspi","EFV53664"
"srbc","asuu","AgR006_g321_t04"
"srsx","cele","F20E11.2"
"srg","mhap","MhA1_Contig917.frz3.gene12"
"srt","rkr3","RSKR_0001089533.1"
"srx","ovol","OVOC12765"
"sre","ppac","PPA18574"
"srab","bmal","Bm13207a"
"srh","cele","F37B4.5"
"sri","cele","ZC239.8"
"srd","ppac","PPA41471"
"str","cele","T08G3.1"
"srw","cele","H10D18.3"
"pep","ppac","PPA33743"
"srbc","bmal","Bm9001"
"srsx","cele","Y97E10B.9"
"srg","mhap","MhA1_Contig1023.frz3.gene14"
"srt","rkr3","RSKR_0000715650.1"
"srx","ovol","OVOC7503"
"sre","asuu","AgR006_g272_t02"
"srab","bmal","Bm13207b"
"srh","cele","C54F6.1"
"sri","cele","ZC239.10"
"srd","ppac","PPA41075"
"str","cele","C24B9.8"
"srw","cele","R08F11.5"
"pep","mhap","MhA1_Contig1496.frz3.gene1"
"srbc","ovol","OVOC12289"
"srsx","hcon","HCON_00102025"
"srg","rkr3","RSKR_0001040970.1"
"srt","rkr3","RSKR_0000884150.1"
"srx","ovol","OVOC11966"
"sre","asuu","AgR006_g272_t03"
"srab","asuu","AgR057_g024_t01"
"srh","cele","F31F4.6"
"sri","cele","ZC239.19"
"srd","ppac","PPA34692"
"str","cele","B0391.4"
"srw","cele","ZC482.6"
"pep","pred","Pan_g15664.t1"
"srbc","ovol","OVOC12288"
"srsx","hcon","HCON_00113330"
"srg","srat","SRAE_1000300300"
"srt","rkr3","RSKR_0000286850.1"
"srx","ovol","OVOC12665"
"sre","tcan","Tcan_16302.1"
"srab","tcan","Tcan_09930.1"
"srh","cele","F28B1.8"
"sri","cele","F22E5.4"
"srd","ppac","PPA34649"
"str","cele","T23D5.11"
"srw","cele","ZC482.8"
"pep","rkr3","RSKR_0001015500.1"
"srbc","tcan","Tcan_02690.1"
"srsx","cele","C39H7.5"
"srg","srat","SRAE_1000020400"
"srt","rkr3","RSKR_0000524350.1"
"srx","ovol","OVOC8080"
"sre","ppac","PPA40948"
"srh","cele","T06E6.8"
"sri","cele","ZC239.9"
"srd","ppac","PPA18030"
"str","cele","F57A10.1"
"srw","cele","ZK105.2"
"pep","asuu","AgR045_g076_t01"
"srbc","hcon","HCON_00036375"
"srsx","cele","C39H7.8"
"srg","srat","SRAE_0000024300"
"srt","rkr3","RSKR_0001079350.1"
"srx","tcan","Tcan_12185.1"
"sre","tcan","Tcan_00361.1"
"srh","cele","T06E6.7"
"sri","cele","K07E8.9"
"srd","ppac","PPA37839"
"str","cele","F22B8.5a"
"srw","cele","T03D3.3"
"pep","asuu","AgR045_g076_t04"
"srbc","nbra","NBR_0001166901-mRNA-1"
"srsx","ppac","PPA42716"
"srg","rkr3","RSKR_0000095450.1"
"srt","rkr3","RSKR_0001084675.1"
"srx","nbra","NBR_0001351901-mRNA-1"
"srh","cele","T06E6.6"
"sri","cele","K07E8.11a"
"srd","ppac","PPA36484"
"str","cele","T23D5.12"
"srw","cele","Y75B12B.7"
"pep","pred","Pan_g12628.t1"
"srbc","acant","ACAC_0000761901-mRNA-1"
"srsx","ppac","PPA43060"
"srg","pred","Pan_g20369.t1"
"srt","rkr3","RSKR_0000878433.1"
"srx","srat","SRAE_X000246550"
"srh","cele","F37B4.13a"
"sri","cele","T10D4.9"
"srd","ppac","PPA42445"
"str","cele","T23D5.10"
"srw","cele","F26D2.11"
"pep","hcon","HCON_00164190"
"srbc","pred","Pan_g16294.t1"
"srsx","cele","F58D7.1"
"srg","pred","Pan_g7695.t1"
"srt","rkr3","RSKR_0000925350.1"
"srx","rkr3","RSKR_0000674866.1"
"srh","cele","F37B4.6"
"sri","cele","T10D4.10"
"srd","ppac","PPA40714"
"str","cele","F26D10.8"
"srw","cele","K03D7.2"
"pep","smur","SMUV_0000626601-mRNA-1"
"srbc","pred","Pan_g21775.t1"
"srsx","cele","C04E6.2"
"srt","rkr3","RSKR_0000724050.1"
"srx","ppac","PPA39243"
"srh","cele","C03G6.9"
"sri","cele","Y27F2A.3"
"srd","ppac","PPA29508"
"str","cele","F40F9.4"
"srw","cele","K03D7.11"
"pep","rkr3","RSKR_0001052200.1"
"srbc","pred","Pan_g1067.t1"
"srsx","cele","T22G5.4"
"srt","rkr3","RSKR_0000324366.1"
"srx","cele","F38B7.8"
"srh","cele","F37B4.3"
"sri","cele","B0454.10"
"srd","ppac","PPA22205"
"str","cele","C18B10.7"
"srw","cele","F36D3.13"
"pep","srat","SRAE_1000125000"
"srbc","pred","Pan_g21777.t1"
"srsx","hcon","HCON_00155430"
"srt","rkr3","RSKR_0000968550.1"
"srx","cele","F38B7.7"
"srh","cele","C31B8.13"
"sri","cele","B0454.2"
"srd","ppac","PPA41173"
"str","cele","R08C7.7"
"srw","cele","T26H5.5"
"pep","nbra","NBR_0000671201-mRNA-1"
"srbc","hcon","HCON_00042290"
"srsx","acani","ANCCAN_12311"
"srt","rkr3","RSKR_0000263225.1"
"srx","cele","F59B1.3"
"srh","cele","H05B21.2"
"sri","cele","B0454.4"
"srd","ppac","PPA25104"
"str","cele","Y68A4A.3"
"srw","cele","Y116F11B.5"
"pep","ppac","PPA00365"
"srbc","nbra","NBR_0001468701-mRNA-1"
"srsx","hcon","HCON_00155445"
"srt","rkr3","RSKR_0000845150.1"
"srx","cele","H12C20.5"
"srh","cele","T19C9.3"
"sri","cele","B0454.3"
"srd","ppac","PPA23167"
"str","cele","F20E11.4"
"srw","acani","ANCCAN_07646"
"pep","tspi","EFV56237"
"srbc","name","NECAME_13435"
"srsx","hcon","HCON_00019100"
"srt","rkr3","RSKR_0000009000.1"
"srx","cele","F10G2.6b"
"srh","cele","R08H2.4"
"sri","cele","ZK697.4"
"srd","ppac","PPA42280"
"str","cele","ZK285.1"
"srw","cele","T05G11.3"
"pep","bmal","Bm4633"
"srbc","acani","ANCCAN_13552"
"srsx","pred","Pan_g7190.t1"
"srt","pred","Pan_g12826.t1"
"srx","cele","F35B12.1a"
"srh","cele","C49D10.3"
"sri","cele","C41G6.10"
"srd","ppac","PPA42681"
"str","cele","T01G6.3"
"srw","cele","F14F8.10"
"pep","ovol","OVOC6125"
"srbc","acani","ANCCAN_25983"
"srsx","cele","R07B5.5"
"srt","pred","Pan_g19558.t1"
"srx","cele","F43A11.4"
"srh","cele","F31F4.9"
"sri","cele","C41G6.14"
"srd","ppac","PPA39068"
"str","cele","R11D1.5"
"srw","cele","F26D2.9"
"pep","hcon","HCON_00140810"
"srbc","acani","ANCCAN_13551"
"srsx","rkr3","RSKR_0001084025.1"
"srt","pred","Pan_g7706.t1"
"srx","cele","F43A11.6"
"srh","cele","F31F4.18"
"sri","cele","C41G6.11"
"srd","ppac","PPA13467"
"str","cele","R11D1.6"
"srw","cele","F14F8.11"
"pep","name","NECAME_06900"
"srbc","acani","ANCCAN_15483"
"srsx","ppac","PPA40783"
"srt","rcul","nRc.2.0.1.t40635-RA"
"srx","cele","F38B7.4"
"srh","cele","C03G6.11"
"sri","tspi","EFV50448"
"srd","ppac","PPA22343"
"str","cele","T10H9.6b"
"srw","cele","F14F8.6"
"pep","acant","ACAC_0000953501-mRNA-1"
"srbc","acant","ACAC_0001254101-mRNA-1"
"srsx","ovol","OVOC12431"
"srt","rcul","nRc.2.0.1.t25229-RA"
"srx","cele","K12G11.5"
"srh","cele","F08E10.1"
"sri","cele","T24A6.4"
"srd","ppac","PPA35409"
"str","cele","T18H9.4"
"srw","cele","Y52E8A.5"
"pep","pred","Pan_g17279.t1"
"srbc","dviv","DICVIV_02322"
"srsx","ovol","OVOC12702"
"srt","rcul","nRc.2.0.1.t47586-RA"
"srx","cele","C01G10.3"
"srh","cele","T26H5.3"
"sri","cele","AC3.1a"
"srd","ppac","PPA20854"
"str","cele","F26G5.5"
"srw","cele","H24D24.1"
"pep","rcul","nRc.2.0.1.t27086-RA"
"srbc","dviv","DICVIV_03543"
"srsx","bmal","Bm9002"
"srt","rcul","nRc.2.0.1.t41437-RA"
"srx","cele","K03B4.5"
"srh","cele","Y113G7A.1"
"sri","cele","AC3.1b"
"srd","ppac","PPA20729"
"str","cele","F26G5.2"
"srw","cele","F36G9.1"
"srbc","dviv","DICVIV_07660"
"srsx","bmal","Bm9770"
"srt","rcul","nRc.2.0.1.t46400-RA"
"srx","cele","F41F3.7"
"srh","cele","T05E12.7a"
"sri","cele","Y69E1A.6a"
"srd","ppac","PPA22127"
"str","cele","F26G5.4"
"srw","cele","F36G9.16"
"srbc","acant","ACAC_0000304801-mRNA-1"
"srsx","ovol","OVOC11508"
"srt","rcul","nRc.2.0.1.t27854-RA"
"srx","nbra","NBR_0001317401-mRNA-1"
"srh","cele","C04F2.4"
"sri","ppac","PPA22032"
"srd","ppac","PPA41174"
"str","cele","C02E7.13"
"srw","cele","T05G11.7"
"srbc","dviv","DICVIV_02869"
"srsx","ovol","OVOC10125"
"srt","rcul","nRc.2.0.1.t38207-RA"
"srx","acani","ANCCAN_05096"
"srh","cele","F21A3.1"
"sri","cele","F36G9.9"
"srd","ppac","PPA36112"
"str","cele","C31A11.9"
"srw","cele","T05G11.6"
"srbc","mhap","MhA1_Contig635.frz3.gene3"
"srsx","ovol","OVOC12477"
"srt","rcul","nRc.2.0.1.t30269-RA"
"srx","cele","F40H7.5"
"srh","cele","D1065.5a"
"sri","cele","F36G9.8"
"srd","ppac","PPA40507"
"str","cele","F10D2.1"
"srw","cele","F40D4.8"
"srbc","pred","Pan_g5122.t1"
"srsx","bmal","Bm1295b"
"srt","rcul","nRc.2.0.1.t21846-RA"
"srx","cele","F40H7.4"
"srh","cele","C18B10.8"
"sri","ppac","PPA22211"
"srd","ppac","PPA38800"
"str","cele","C02E7.9"
"srw","cele","Y32B12C.2a"
"srbc","asuu","AgB03_g126_t01"
"srsx","asuu","AgR006_g368_t01"
"srt","rcul","nRc.2.0.1.t44034-RA"
"srx","cele","F19B10.7"
"srh","cele","T19C9.2"
"sri","ppac","PPA39272"
"srd","ppac","PPA19472"
"str","cele","M7.13"
"srw","ppac","PPA35769"
"srbc","tcan","Tcan_03698.1"
"srsx","tcan","Tcan_11914.1"
"srt","cele","T27C10.2"
"srx","cele","F19B10.8"
"srh","cele","F08E10.6"
"srd","ppac","PPA40884"
"str","cele","W06H8.7"
"srw","ppac","PPA03728"
"srbc","hcon","HCON_00137010"
"srsx","tcan","Tcan_13892.1"
"srt","cele","T27C10.1"
"srx","cele","F40H7.2"
"srh","cele","T19C9.4"
"srd","asuu","AgB03_g111_t03"
"str","cele","C07G3.3a"
"srw","ppac","PPA19538"
"srbc","mhap","MhA1_Contig609.frz3.gene5"
"srsx","asuu","AgR001_g555_t02"
"srt","ppac","PPA05435"
"srx","cele","C46E10.6"
"srh","cele","T27A1.7"
"srd","asuu","AgB03_g111_t01"
"str","cele","C07G3.5"
"srw","ppac","PPA36466"
"srbc","smur","SMUV_0000457801-mRNA-1"
"srsx","asuu","AgR001_g555_t01"
"srt","hcon","HCON_00192000"
"srx","cele","F56H9.1"
"srh","cele","R08H2.5"
"srd","asuu","AgB03_g111_t02"
"str","cele","C07G3.4"
"srw","ppac","PPA42727"
"srbc","smur","SMUV_0000847001-mRNA-1"
"srsx","asuu","AgR001_g514_t02"
"srt","acani","ANCCAN_20538"
"srx","cele","T24E12.8"
"srh","cele","F08E10.3"
"srd","asuu","AgB03_g111_t06"
"str","cele","C07G3.6"
"srw","ppac","PPA41824"
"srbc","asuu","AgB20_g065_t01"
"srsx","asuu","AgR001_g514_t03"
"srt","acani","ANCCAN_20097"
"srx","cele","F40H7.8"
"srh","cele","Y102A5C.21"
"srd","asuu","AgB03_g111_t04"
"str","cele","Y46H3D.3"
"srw","ppac","PPA00733"
"srbc","bmal","Bm3765"
"srsx","asuu","AgR009X_g206_t02"
"srt","dviv","DICVIV_04231"
"srx","cele","F40H7.7"
"srh","cele","Y61B8A.1"
"srd","tcan","Tcan_14838.1"
"str","cele","Y46H3D.2"
"srw","name","NECAME_08167"
"srbc","srat","SRAE_1000159300"
"srsx","tcan","Tcan_13052.1"
"srt","acani","ANCCAN_11338"
"srx","cele","T24E12.4"
"srh","cele","K03D7.6"
"srd","name","NECAME_00057"
"str","cele","C42D4.9"
"srw","acani","ANCCAN_13427"
"srbc","rkr3","RSKR_0000416600.1"
"srsx","pred","Pan_g18675.t1"
"srt","acani","ANCCAN_21460"
"srx","cele","T01D3.4a"
"srh","cele","Y68A4A.7"
"srd","ppac","PPA22955"
"str","cele","C55A1.3"
"srw","hcon","HCON_00133260"
"srbc","hcon","HCON_00146500"
"srsx","pred","Pan_g3808.t1"
"srt","acani","ANCCAN_26852"
"srx","cele","F09F3.12"
"srh","cele","F40D4.11"
"srd","tcan","Tcan_02963.1"
"str","cele","B0213.9"
"srw","bmal","Bm6043a"
"srbc","asuu","AgR007_g016_t01"
"srsx","ppac","PPA17083"
"srt","pred","Pan_g5413.t1"
"srx","cele","F09F3.4"
"srh","cele","C46E10.7"
"srd","rcul","nRc.2.0.1.t46451-RA"
"str","cele","B0391.12"
"srw","smur","SMUV_0000661301-mRNA-1"
"srbc","nbra","NBR_0000571601-mRNA-1"
"srsx","asuu","AgB09X_g105_t02"
"srt","cele","B0238.8"
"srx","cele","F09F3.7"
"srh","cele","C46E10.10"
"srd","rcul","nRc.2.0.1.t16977-RA"
"str","cele","W09D6.3"
"srw","asuu","AgR010_g167_t03"
"srbc","bmal","Bm6399"
"srsx","bmal","Bm14825"
"srt","cele","B0238.6"
"srx","cele","F32H5.6a"
"srh","cele","F21H7.11"
"srd","rcul","nRc.2.0.1.t07268-RA"
"str","cele","C06B3.9"
"srw","asuu","AgR010_g167_t04"
"srbc","ovol","OVOC5880"
"srsx","tcan","Tcan_09051.1"
"srt","cele","B0238.3"
"srx","cele","F09F3.11"
"srh","cele","F49H6.4"
"srd","rcul","nRc.2.0.1.t08300-RA"
"str","cele","F32A7.7"
"srw","tcan","Tcan_12690.1"
"srbc","ppac","PPA37833"
"srsx","tcan","Tcan_09042.1"
"srt","cele","B0238.5a"
"srx","cele","F55B12.9"
"srh","cele","F25E5.13"
"srd","hcon","HCON_00128590"
"str","cele","T16A9.2"
"srw","hcon","HCON_00074140"
"srbc","asuu","AgR012_g070_t01"
"srsx","tspi","EFV60150"
"srt","cele","C03A7.9"
"srx","cele","F55B12.7"
"srh","cele","T10D4.5"
"str","cele","C06C6.2"
"srw","dviv","DICVIV_05021"
"srbc","asuu","AgR012_g070_t02"
"srsx","tspi","EFV60577"
"srt","cele","T28A11.15"
"srx","cele","F09F3.1a"
"srh","cele","T21B4.14"
"str","cele","R09E12.4"
"srw","name","NECAME_07992"
"srbc","asuu","AgR012_g070_t03"
"srsx","rcul","nRc.2.0.1.t30510-RA"
"srt","hcon","HCON_00128020"
"srx","cele","F09F3.13"
"srh","cele","ZC204.5"
"str","cele","K02H11.2"
"srw","ppac","PPA25380"
"srbc","asuu","AgR012_g070_t04"
"srsx","rcul","nRc.2.0.1.t31034-RA"
"srt","name","NECAME_07526"
"srx","cele","F35F10.8"
"srh","cele","T21B4.5"
"str","cele","C50H11.9"
"srw","tcan","Tcan_05897.1"
"srbc","tcan","Tcan_02879.1"
"srsx","rcul","nRc.2.0.1.t06274-RA"
"srt","hcon","HCON_00120340"
"srx","cele","C04E12.8"
"srh","cele","T21B4.6"
"str","cele","K02H11.7"
"srw","pred","Pan_g10123.t1"
"srbc","asuu","AgR020_g028_t01"
"srsx","rcul","nRc.2.0.1.t34331-RA"
"srt","rkr3","RSKR_0000045966.1"
"srx","cele","F49C5.2"
"srh","cele","ZK6.9"
"str","cele","K02H11.3"
"srw","hcon","HCON_00057040"
"srbc","tcan","Tcan_13417.1"
"srsx","rcul","nRc.2.0.1.t22574-RA"
"srt","rkr3","RSKR_0000261250.1"
"srx","cele","F49C5.1"
"srh","cele","T27E7.8"
"str","cele","C42D4.5"
"srw","pred","Pan_g23318.t1"
"srbc","pred","Pan_g10775.t1"
"srsx","rcul","nRc.2.0.1.t22572-RA"
"srt","srat","SRAE_1000280100"
"srx","cele","T21B4.12"
"srh","cele","T21B4.8"
"str","cele","W09D6.2"
"srw","ppac","PPA18493"
"srbc","hcon","HCON_00064100"
"srsx","acant","ACAC_0000353701-mRNA-1"
"srt","srat","SRAE_1000322700"
"srx","cele","C14C11.5"
"srh","cele","T21B4.7"
"str","cele","T24A6.6a"
"srw","tcan","Tcan_05480.1"
"srbc","acani","ANCCAN_20438"
"srsx","rkr3","RSKR_0000156850.1"
"srt","srat","SRAE_1000322600"
"srx","cele","W05B10.5a"
"srh","cele","C45B11.4"
"str","cele","C45H4.15"
"srw","bmal","Bm17479"
"srbc","ppac","PPA37709"
"srsx","asuu","AgR017_g008_t01"
"srt","srat","SRAE_1000322800"
"srx","cele","W05B10.5b"
"srh","cele","T04C12.2a"
"str","cele","F10A3.9"
"srw","pred","Pan_g23317.t1"
"srbc","ppac","PPA14209"
"srsx","tcan","Tcan_09829.1"
"srt","srat","SRAE_2000422600"
"srx","cele","F41G3.11"
"srh","cele","F09G2.7"
"str","cele","Y17G9A.1"
"srw","ppac","PPA18494"
"srbc","tcan","Tcan_16766.1"
"srsx","tcan","Tcan_09986.1"
"srt","asuu","AgR047_g051_t01"
"srx","asuu","AgR016_g175_t06"
"srh","cele","C44C3.9"
"str","cele","Y17G9A.7a"
"srw","bmal","Bm6835a"
"srbc","hcon","HCON_00128220"
"srsx","tcan","Tcan_09831.1"
"srt","tcan","Tcan_13302.1"
"srx","asuu","AgR016_g175_t03"
"srh","cele","H27D07.6"
"str","cele","Y17G9A.6"
"srw","bmal","Bm6835b"
"srbc","ovol","OVOC7312"
"srsx","tcan","Tcan_09844.1"
"srt","asuu","AgR012_g098_t02"
"srx","rcul","nRc.2.0.1.t31539-RA"
"srh","cele","W03F9.6"
"str","cele","Y17G9A.5"
"srw","nbra","NBR_0000845701-mRNA-1"
"srbc","pred","Pan_g1432.t1"
"srsx","srat","SRAE_2000474200"
"srt","tcan","Tcan_15789.1"
"srx","rkr3","RSKR_0000388250.1"
"srh","cele","DC2.1a"
"str","cele","T01G5.5"
"srw","hcon","HCON_00062760"
"srbc","hcon","HCON_00136130"
"srsx","srat","SRAE_1000048950"
"srt","tcan","Tcan_03890.1"
"srx","rkr3","RSKR_0000568960.1"
"srh","cele","DC2.2"
"str","cele","T08B6.7"
"srw","acant","ACAC_0001350501-mRNA-1"
"srbc","name","NECAME_14684"
"srsx","rkr3","RSKR_0000987900.1"
"srt","asuu","AgB20_g022_t06"
"srx","rkr3","RSKR_0000307625.1"
"srh","cele","C04F2.1"
"str","cele","T08B6.6"
"srw","srat","SRAE_X000050400"
"srbc","tcan","Tcan_09031.1"
"srsx","pred","Pan_g4982.t1"
"srt","asuu","AgB20_g022_t07"
"srx","rkr3","RSKR_0000520084.1"
"srh","cele","F26F12.6b"
"str","cele","ZK697.10"
"srw","rkr3","RSKR_0000372766.1"
"srbc","hcon","HCON_00051610"
"srsx","rcul","nRc.2.0.1.t13556-RA"
"srt","asuu","AgB20_g022_t08"
"srx","rkr3","RSKR_0000022450.1"
"srh","cele","T03F7.3"
"str","cele","Y9C9A.18"
"srw","pred","Pan_g4553.t1"
"srbc","name","NECAME_16894"
"srsx","ovol","OVOC3852"
"srt","tcan","Tcan_00203.1"
"srx","rkr3","RSKR_0000551050.1"
"srh","cele","T03F7.4"
"str","cele","T08B6.3"
"srw","rcul","nRc.2.0.1.t45995-RA"
"srbc","hcon","HCON_00110225"
"srsx","smur","SMUV_0000137301-mRNA-1"
"srt","tcan","Tcan_11718.1"
"srx","rkr3","RSKR_0000985925.1"
"srh","cele","R05D8.3"
"str","cele","Y9C9A.9"
"srw","bmal","Bm2601a"
"srbc","rkr3","RSKR_0000811200.1"
"srsx","srat","SRAE_2000443300"
"srt","hcon","HCON_00133790"
"srx","rkr3","RSKR_0001063775.1"
"srh","cele","Y49F6A.2"
"str","cele","Y9C9A.10"
"srw","ovol","OVOC7354"
"srbc","asuu","AgB12_g122_t01"
"srsx","rkr3","RSKR_0000153200.1"
"srt","acani","ANCCAN_04170"
"srx","rkr3","RSKR_0000126050.1"
"srh","cele","Y49F6A.3"
"str","cele","Y9C9A.11"
"srw","hcon","HCON_00161150"
"srbc","hcon","HCON_00064910"
"srsx","ppac","PPA26287"
"srt","acani","ANCCAN_04187"
"srx","rkr3","RSKR_0000015650.1"
"srh","cele","W10G11.9"
"str","cele","Y9C9A.7"
"srw","srat","SRAE_1000078900"
"srbc","ppac","PPA29480"
"srsx","dviv","DICVIV_09460"
"srt","acani","ANCCAN_05671"
"srx","rcul","nRc.2.0.1.t00983-RA"
"srh","cele","W10G11.10"
"str","cele","Y9C9A.6"
"srw","asuu","AgR004_g193_t02"
"srbc","nbra","NBR_0000632201-mRNA-1"
"srsx","name","NECAME_00677"
"srt","cele","T06C10.2"
"srx","rcul","nRc.2.0.1.t15513-RA"
"srh","cele","T03F7.2"
"str","cele","F55B12.6"
"srw","tcan","Tcan_15618.1"
"srbc","acant","ACAC_0000835201-mRNA-1"
"srsx","pred","Pan_g21269.t1"
"srt","hcon","HCON_00134080"
"srx","rcul","nRc.2.0.1.t03590-RA"
"srh","cele","B0334.7"
"str","cele","Y9C9A.3"
"srw","acant","ACAC_0000910101-mRNA-1"
"srbc","name","NECAME_07354"
"srt","hcon","HCON_00149060"
"srx","name","NECAME_07626"
"srh","cele","R08H2.7"
"str","cele","C12D8.12"
"srw","ppac","PPA26446"
"srt","dviv","DICVIV_09378"
"srx","rcul","nRc.2.0.1.t17782-RA"
"srh","cele","T09F5.5"
"str","cele","F57A8.3c"
"srw","hcon","HCON_00136040"
"srt","acani","ANCCAN_17072"
"srx","rcul","nRc.2.0.1.t07899-RA"
"srh","cele","Y40D12A.3"
"str","cele","F57A8.3a"
"srw","nbra","NBR_0000570901-mRNA-1"
"srt","ovol","OVOC10710"
"srx","srat","SRAE_X000198500"
"srh","cele","Y54G11A.12"
"str","acani","ANCCAN_02939"
"srw","ovol","OVOC6179"
"srt","acani","ANCCAN_15659"
"srx","tcan","Tcan_04643.1"
"srh","cele","Y54G11A.15"
"str","ppac","PPA28488"
"srw","mhap","MhA1_Contig123.30"
"srt","pred","Pan_g9505.t1"
"srx","ppac","PPA20628"
"srh","cele","C06C3.6"
"str","ppac","PPA16515"
"srw","pred","Pan_g23634.t1"
"srt","pred","Pan_g20534.t1"
"srx","tspi","EFV57812"
"srh","cele","C10G11.4"
"str","ppac","PPA41394"
"srw","pred","Pan_g23634.t2"
"srt","pred","Pan_g20535.t1"
"srx","ppac","PPA00699"
"srh","cele","C10G11.2"
"str","ppac","PPA39274"
"srw","asuu","AgR032_g054_t02"
"srt","pred","Pan_g10209.t1"
"srx","ppac","PPA00805"
"srh","cele","C10G11.3"
"str","ppac","PPA36483"
"srw","asuu","AgR032_g054_t01"
"srt","pred","Pan_g7732.t1"
"srx","ppac","PPA41987"
"srh","cele","C06A8.7"
"str","ppac","PPA41020"
"srw","tcan","Tcan_14785.1"
"srt","pred","Pan_g7733.t1"
"srx","cele","F59E11.1"
"srh","cele","R10D12.11"
"str","ppac","PPA21545"
"srw","ovol","OVOC17"
"srx","cele","Y49C4A.5"
"srh","cele","C54D10.6"
"str","ppac","PPA42345"
"srw","hcon","HCON_00024520"
"srx","cele","Y49C4A.4a"
"srh","cele","C50B6.5"
"str","ppac","PPA05586"
"srw","acant","ACAC_0000765001-mRNA-1"
"srx","cele","F07G11.8"
"srh","cele","C47E8.2"
"str","ppac","PPA27611"
"srw","name","NECAME_00702"
"srx","cele","C14C6.9"
"srh","cele","F55C5.9"
"str","ppac","PPA40974"
"srw","ppac","PPA39979"
"srx","cele","R13D7.6"
"srh","cele","C02E7.2"
"str","ppac","PPA30111"
"srw","pred","Pan_g6389.t1"
"srx","pred","Pan_g2639.t2"
"srh","cele","F19G12.5"
"str","ppac","PPA41592"
"srw","srat","SRAE_1000231800"
"srx","pred","Pan_g2639.t1"
"srh","cele","C02E7.3"
"str","ppac","PPA41706"
"srw","rcul","nRc.2.0.1.t36487-RA"
"srx","pred","Pan_g23667.t1"
"srh","cele","R09F10.6"
"str","ppac","PPA35368"
"srw","rcul","nRc.2.0.1.t12819-RA"
"srx","name","NECAME_05539"
"srh","cele","C50B6.6"
"str","ppac","PPA35195"
"srw","asuu","AgB15X_g039_t02"
"srx","acani","ANCCAN_15235"
"srh","cele","Y38A10A.3"
"str","ppac","PPA40565"
"srw","tcan","Tcan_05575.1"
"srx","acani","ANCCAN_12616"
"srh","cele","K04F1.5"
"str","ppac","PPA07170"
"srw","hcon","HCON_00044260"
"srx","hcon","HCON_00025650"
"srh","cele","K09D9.6"
"str","ppac","PPA34155"
"srw","ppac","PPA10170"
"srx","nbra","NBR_0001319501-mRNA-1"
"srh","cele","K04F1.16"
"str","ppac","PPA08951"
"srx","acani","ANCCAN_02540"
"srh","cele","K09D9.7"
"str","ppac","PPA41369"
"srx","ppac","PPA22347"
"srh","cele","K09D9.8"
"str","ppac","PPA40616"
"srx","ppac","PPA36467"
"srh","cele","T11F9.18"
"str","ppac","PPA42457"
"srx","ppac","PPA41497"
"srh","cele","ZC404.5"
"str","ppac","PPA41524"
"srx","ppac","PPA40872"
"srh","cele","ZC404.12"
"str","ppac","PPA43033"
"srx","ppac","PPA20880"
"srh","ppac","PPA06646"
"str","ppac","PPA41700"
"srx","cele","R10D12.4"
"str","ppac","PPA24198"
"srx","pred","Pan_g19583.t1"
"str","ppac","PPA41133"
"srx","pred","Pan_g19476.t1"
"str","ppac","PPA43407"
"srx","rcul","nRc.2.0.1.t45044-RA"
"str","ppac","PPA43001"
"srx","rcul","nRc.2.0.1.t38216-RA"
"str","ppac","PPA12288"
"srx","rcul","nRc.2.0.1.t16006-RA"
"str","ppac","PPA29343"
"srx","rcul","nRc.2.0.1.t12151-RA"
"str","ppac","PPA41318"
"srx","rcul","nRc.2.0.1.t18642-RA"
"str","ppac","PPA31878"
"srx","rcul","nRc.2.0.1.t40468-RA"
"srx","rcul","nRc.2.0.1.t06740-RA"
"srx","rcul","nRc.2.0.1.t44714-RA"
"srx","rcul","nRc.2.0.1.t07083-RA"
